-- MySQL dump 10.13  Distrib 8.3.0, for macos13.6 (arm64)
--
-- Host: 127.0.0.1    Database: salesprint
-- ------------------------------------------------------
-- Server version	8.3.0

/*!40101 SET @OLD_CHARACTER_SET_CLIENT=@@CHARACTER_SET_CLIENT */;
/*!40101 SET @OLD_CHARACTER_SET_RESULTS=@@CHARACTER_SET_RESULTS */;
/*!40101 SET @OLD_COLLATION_CONNECTION=@@COLLATION_CONNECTION */;
/*!50503 SET NAMES utf8mb4 */;
/*!40103 SET @OLD_TIME_ZONE=@@TIME_ZONE */;
/*!40103 SET TIME_ZONE='+00:00' */;
/*!40014 SET @OLD_UNIQUE_CHECKS=@@UNIQUE_CHECKS, UNIQUE_CHECKS=0 */;
/*!40014 SET @OLD_FOREIGN_KEY_CHECKS=@@FOREIGN_KEY_CHECKS, FOREIGN_KEY_CHECKS=0 */;
/*!40101 SET @OLD_SQL_MODE=@@SQL_MODE, SQL_MODE='NO_AUTO_VALUE_ON_ZERO' */;
/*!40111 SET @OLD_SQL_NOTES=@@SQL_NOTES, SQL_NOTES=0 */;

--
-- Table structure for table `cache`
--

DROP TABLE IF EXISTS `cache`;
/*!40101 SET @saved_cs_client     = @@character_set_client */;
/*!50503 SET character_set_client = utf8mb4 */;
CREATE TABLE `cache` (
  `key` varchar(191) COLLATE utf8mb4_unicode_ci NOT NULL,
  `value` mediumtext COLLATE utf8mb4_unicode_ci NOT NULL,
  `expiration` int NOT NULL,
  PRIMARY KEY (`key`)
) ENGINE=InnoDB DEFAULT CHARSET=utf8mb4 COLLATE=utf8mb4_unicode_ci;
/*!40101 SET character_set_client = @saved_cs_client */;

--
-- Dumping data for table `cache`
--

/*!40000 ALTER TABLE `cache` DISABLE KEYS */;
/*!40000 ALTER TABLE `cache` ENABLE KEYS */;

--
-- Table structure for table `cache_locks`
--

DROP TABLE IF EXISTS `cache_locks`;
/*!40101 SET @saved_cs_client     = @@character_set_client */;
/*!50503 SET character_set_client = utf8mb4 */;
CREATE TABLE `cache_locks` (
  `key` varchar(191) COLLATE utf8mb4_unicode_ci NOT NULL,
  `owner` varchar(191) COLLATE utf8mb4_unicode_ci NOT NULL,
  `expiration` int NOT NULL,
  PRIMARY KEY (`key`)
) ENGINE=InnoDB DEFAULT CHARSET=utf8mb4 COLLATE=utf8mb4_unicode_ci;
/*!40101 SET character_set_client = @saved_cs_client */;

--
-- Dumping data for table `cache_locks`
--

/*!40000 ALTER TABLE `cache_locks` DISABLE KEYS */;
/*!40000 ALTER TABLE `cache_locks` ENABLE KEYS */;

--
-- Table structure for table `categories`
--

DROP TABLE IF EXISTS `categories`;
/*!40101 SET @saved_cs_client     = @@character_set_client */;
/*!50503 SET character_set_client = utf8mb4 */;
CREATE TABLE `categories` (
  `id` bigint unsigned NOT NULL AUTO_INCREMENT,
  `name` varchar(191) COLLATE utf8mb4_unicode_ci NOT NULL,
  `slug` varchar(191) COLLATE utf8mb4_unicode_ci NOT NULL,
  `image` varchar(191) COLLATE utf8mb4_unicode_ci DEFAULT NULL,
  `created_at` timestamp NULL DEFAULT NULL,
  `updated_at` timestamp NULL DEFAULT NULL,
  PRIMARY KEY (`id`),
  UNIQUE KEY `categories_slug_unique` (`slug`)
) ENGINE=InnoDB AUTO_INCREMENT=11 DEFAULT CHARSET=utf8mb4 COLLATE=utf8mb4_unicode_ci;
/*!40101 SET character_set_client = @saved_cs_client */;

--
-- Dumping data for table `categories`
--

/*!40000 ALTER TABLE `categories` DISABLE KEYS */;
INSERT INTO `categories` VALUES (1,'Electronics','electronics','http://res.cloudinary.com/grandonk-merch/image/upload/v1706457415/salesprint/ndxbokmos2fanx8gwbep.jpg','2024-06-15 10:07:17','2024-06-15 10:07:17'),(2,'Home & Living','home-living','http://res.cloudinary.com/grandonk-merch/image/upload/v1706457415/salesprint/eync24wbjskyozsi005i.jpg','2024-06-15 10:07:17','2024-06-15 10:07:17'),(3,'Health & Fitness','health-fitness','http://res.cloudinary.com/grandonk-merch/image/upload/v1706457414/salesprint/tr9a7fnqhnpriafkusy4.jpg','2024-06-15 10:07:17','2024-06-15 10:07:17'),(4,'Fashion & Accessories','fashion-accessories','http://res.cloudinary.com/grandonk-merch/image/upload/v1706457412/salesprint/eblpohq0nodvejpdcgym.jpg','2024-06-15 10:07:17','2024-06-15 10:07:17'),(5,'Home & Garden','home-garden','http://res.cloudinary.com/grandonk-merch/image/upload/v1706457414/salesprint/chbcwcjtxamer6ebtz9d.jpg','2024-06-15 10:07:17','2024-06-15 10:07:17'),(6,'Beauty & Personal Care','beauty-personal-care','http://res.cloudinary.com/grandonk-merch/image/upload/v1706457413/salesprint/yo7hzbqdmimi1suaawei.jpg','2024-06-15 10:07:17','2024-06-15 10:07:17'),(7,'Outdoor & Adventure','outdoor-adventure','http://res.cloudinary.com/grandonk-merch/image/upload/v1706457415/salesprint/ndxbokmos2fanx8gwbep.jpg','2024-06-15 10:07:17','2024-06-15 10:07:17'),(8,'Kitchen & Dining','kitchen-dining','http://res.cloudinary.com/grandonk-merch/image/upload/v1706457414/salesprint/yq4cs4leginztcsavrsy.jpg','2024-06-15 10:07:17','2024-06-15 10:07:17'),(9,'Pets','pets','http://res.cloudinary.com/grandonk-merch/image/upload/v1706457412/salesprint/rgbnv2xoibybmzhjjpbo.jpg','2024-06-15 10:07:17','2024-06-15 10:07:17'),(10,'Books & Stationery','books-stationery','http://res.cloudinary.com/grandonk-merch/image/upload/v1706457414/salesprint/chbcwcjtxamer6ebtz9d.jpg','2024-06-15 10:07:17','2024-06-15 10:07:17');
/*!40000 ALTER TABLE `categories` ENABLE KEYS */;

--
-- Table structure for table `cities`
--

DROP TABLE IF EXISTS `cities`;
/*!40101 SET @saved_cs_client     = @@character_set_client */;
/*!50503 SET character_set_client = utf8mb4 */;
CREATE TABLE `cities` (
  `id` bigint unsigned NOT NULL AUTO_INCREMENT,
  `province_id` varchar(191) COLLATE utf8mb4_unicode_ci NOT NULL,
  `province` varchar(191) COLLATE utf8mb4_unicode_ci NOT NULL,
  `city_id` varchar(191) COLLATE utf8mb4_unicode_ci NOT NULL,
  `city_name` varchar(191) COLLATE utf8mb4_unicode_ci NOT NULL,
  `type` varchar(191) COLLATE utf8mb4_unicode_ci NOT NULL,
  `postal_code` varchar(191) COLLATE utf8mb4_unicode_ci NOT NULL,
  `created_at` timestamp NULL DEFAULT NULL,
  `updated_at` timestamp NULL DEFAULT NULL,
  PRIMARY KEY (`id`)
) ENGINE=InnoDB AUTO_INCREMENT=502 DEFAULT CHARSET=utf8mb4 COLLATE=utf8mb4_unicode_ci;
/*!40101 SET character_set_client = @saved_cs_client */;

--
-- Dumping data for table `cities`
--

/*!40000 ALTER TABLE `cities` DISABLE KEYS */;
INSERT INTO `cities` VALUES (1,'1','Bali','17','Badung','Kabupaten','80351','2024-06-15 10:06:28','2024-06-15 10:06:28'),(2,'1','Bali','32','Bangli','Kabupaten','80619','2024-06-15 10:06:28','2024-06-15 10:06:28'),(3,'1','Bali','94','Buleleng','Kabupaten','81111','2024-06-15 10:06:28','2024-06-15 10:06:28'),(4,'1','Bali','114','Denpasar','Kota','80227','2024-06-15 10:06:28','2024-06-15 10:06:28'),(5,'1','Bali','128','Gianyar','Kabupaten','80519','2024-06-15 10:06:28','2024-06-15 10:06:28'),(6,'1','Bali','161','Jembrana','Kabupaten','82251','2024-06-15 10:06:28','2024-06-15 10:06:28'),(7,'1','Bali','170','Karangasem','Kabupaten','80819','2024-06-15 10:06:28','2024-06-15 10:06:28'),(8,'1','Bali','197','Klungkung','Kabupaten','80719','2024-06-15 10:06:28','2024-06-15 10:06:28'),(9,'1','Bali','447','Tabanan','Kabupaten','82119','2024-06-15 10:06:28','2024-06-15 10:06:28'),(10,'2','Bangka Belitung','27','Bangka','Kabupaten','33212','2024-06-15 10:06:30','2024-06-15 10:06:30'),(11,'2','Bangka Belitung','28','Bangka Barat','Kabupaten','33315','2024-06-15 10:06:30','2024-06-15 10:06:30'),(12,'2','Bangka Belitung','29','Bangka Selatan','Kabupaten','33719','2024-06-15 10:06:30','2024-06-15 10:06:30'),(13,'2','Bangka Belitung','30','Bangka Tengah','Kabupaten','33613','2024-06-15 10:06:30','2024-06-15 10:06:30'),(14,'2','Bangka Belitung','56','Belitung','Kabupaten','33419','2024-06-15 10:06:30','2024-06-15 10:06:30'),(15,'2','Bangka Belitung','57','Belitung Timur','Kabupaten','33519','2024-06-15 10:06:30','2024-06-15 10:06:30'),(16,'2','Bangka Belitung','334','Pangkal Pinang','Kota','33115','2024-06-15 10:06:30','2024-06-15 10:06:30'),(17,'3','Banten','106','Cilegon','Kota','42417','2024-06-15 10:06:31','2024-06-15 10:06:31'),(18,'3','Banten','232','Lebak','Kabupaten','42319','2024-06-15 10:06:31','2024-06-15 10:06:31'),(19,'3','Banten','331','Pandeglang','Kabupaten','42212','2024-06-15 10:06:31','2024-06-15 10:06:31'),(20,'3','Banten','402','Serang','Kabupaten','42182','2024-06-15 10:06:31','2024-06-15 10:06:31'),(21,'3','Banten','403','Serang','Kota','42111','2024-06-15 10:06:31','2024-06-15 10:06:31'),(22,'3','Banten','455','Tangerang','Kabupaten','15914','2024-06-15 10:06:31','2024-06-15 10:06:31'),(23,'3','Banten','456','Tangerang','Kota','15111','2024-06-15 10:06:31','2024-06-15 10:06:31'),(24,'3','Banten','457','Tangerang Selatan','Kota','15435','2024-06-15 10:06:31','2024-06-15 10:06:31'),(25,'4','Bengkulu','62','Bengkulu','Kota','38229','2024-06-15 10:06:32','2024-06-15 10:06:32'),(26,'4','Bengkulu','63','Bengkulu Selatan','Kabupaten','38519','2024-06-15 10:06:32','2024-06-15 10:06:32'),(27,'4','Bengkulu','64','Bengkulu Tengah','Kabupaten','38319','2024-06-15 10:06:32','2024-06-15 10:06:32'),(28,'4','Bengkulu','65','Bengkulu Utara','Kabupaten','38619','2024-06-15 10:06:32','2024-06-15 10:06:32'),(29,'4','Bengkulu','175','Kaur','Kabupaten','38911','2024-06-15 10:06:32','2024-06-15 10:06:32'),(30,'4','Bengkulu','183','Kepahiang','Kabupaten','39319','2024-06-15 10:06:32','2024-06-15 10:06:32'),(31,'4','Bengkulu','233','Lebong','Kabupaten','39264','2024-06-15 10:06:32','2024-06-15 10:06:32'),(32,'4','Bengkulu','294','Muko Muko','Kabupaten','38715','2024-06-15 10:06:32','2024-06-15 10:06:32'),(33,'4','Bengkulu','379','Rejang Lebong','Kabupaten','39112','2024-06-15 10:06:32','2024-06-15 10:06:32'),(34,'4','Bengkulu','397','Seluma','Kabupaten','38811','2024-06-15 10:06:32','2024-06-15 10:06:32'),(35,'5','DI Yogyakarta','39','Bantul','Kabupaten','55715','2024-06-15 10:06:34','2024-06-15 10:06:34'),(36,'5','DI Yogyakarta','135','Gunung Kidul','Kabupaten','55812','2024-06-15 10:06:34','2024-06-15 10:06:34'),(37,'5','DI Yogyakarta','210','Kulon Progo','Kabupaten','55611','2024-06-15 10:06:34','2024-06-15 10:06:34'),(38,'5','DI Yogyakarta','419','Sleman','Kabupaten','55513','2024-06-15 10:06:34','2024-06-15 10:06:34'),(39,'5','DI Yogyakarta','501','Yogyakarta','Kota','55111','2024-06-15 10:06:34','2024-06-15 10:06:34'),(40,'6','DKI Jakarta','151','Jakarta Barat','Kota','11220','2024-06-15 10:06:35','2024-06-15 10:06:35'),(41,'6','DKI Jakarta','152','Jakarta Pusat','Kota','10540','2024-06-15 10:06:35','2024-06-15 10:06:35'),(42,'6','DKI Jakarta','153','Jakarta Selatan','Kota','12230','2024-06-15 10:06:35','2024-06-15 10:06:35'),(43,'6','DKI Jakarta','154','Jakarta Timur','Kota','13330','2024-06-15 10:06:35','2024-06-15 10:06:35'),(44,'6','DKI Jakarta','155','Jakarta Utara','Kota','14140','2024-06-15 10:06:35','2024-06-15 10:06:35'),(45,'6','DKI Jakarta','189','Kepulauan Seribu','Kabupaten','14550','2024-06-15 10:06:35','2024-06-15 10:06:35'),(46,'7','Gorontalo','77','Boalemo','Kabupaten','96319','2024-06-15 10:06:37','2024-06-15 10:06:37'),(47,'7','Gorontalo','88','Bone Bolango','Kabupaten','96511','2024-06-15 10:06:37','2024-06-15 10:06:37'),(48,'7','Gorontalo','129','Gorontalo','Kabupaten','96218','2024-06-15 10:06:37','2024-06-15 10:06:37'),(49,'7','Gorontalo','130','Gorontalo','Kota','96115','2024-06-15 10:06:37','2024-06-15 10:06:37'),(50,'7','Gorontalo','131','Gorontalo Utara','Kabupaten','96611','2024-06-15 10:06:37','2024-06-15 10:06:37'),(51,'7','Gorontalo','361','Pohuwato','Kabupaten','96419','2024-06-15 10:06:37','2024-06-15 10:06:37'),(52,'8','Jambi','50','Batang Hari','Kabupaten','36613','2024-06-15 10:06:38','2024-06-15 10:06:38'),(53,'8','Jambi','97','Bungo','Kabupaten','37216','2024-06-15 10:06:38','2024-06-15 10:06:38'),(54,'8','Jambi','156','Jambi','Kota','36111','2024-06-15 10:06:38','2024-06-15 10:06:38'),(55,'8','Jambi','194','Kerinci','Kabupaten','37167','2024-06-15 10:06:38','2024-06-15 10:06:38'),(56,'8','Jambi','280','Merangin','Kabupaten','37319','2024-06-15 10:06:38','2024-06-15 10:06:38'),(57,'8','Jambi','293','Muaro Jambi','Kabupaten','36311','2024-06-15 10:06:38','2024-06-15 10:06:38'),(58,'8','Jambi','393','Sarolangun','Kabupaten','37419','2024-06-15 10:06:38','2024-06-15 10:06:38'),(59,'8','Jambi','442','Sungaipenuh','Kota','37113','2024-06-15 10:06:38','2024-06-15 10:06:38'),(60,'8','Jambi','460','Tanjung Jabung Barat','Kabupaten','36513','2024-06-15 10:06:38','2024-06-15 10:06:38'),(61,'8','Jambi','461','Tanjung Jabung Timur','Kabupaten','36719','2024-06-15 10:06:38','2024-06-15 10:06:38'),(62,'8','Jambi','471','Tebo','Kabupaten','37519','2024-06-15 10:06:38','2024-06-15 10:06:38'),(63,'9','Jawa Barat','22','Bandung','Kabupaten','40311','2024-06-15 10:06:40','2024-06-15 10:06:40'),(64,'9','Jawa Barat','23','Bandung','Kota','40111','2024-06-15 10:06:40','2024-06-15 10:06:40'),(65,'9','Jawa Barat','24','Bandung Barat','Kabupaten','40721','2024-06-15 10:06:40','2024-06-15 10:06:40'),(66,'9','Jawa Barat','34','Banjar','Kota','46311','2024-06-15 10:06:40','2024-06-15 10:06:40'),(67,'9','Jawa Barat','54','Bekasi','Kabupaten','17837','2024-06-15 10:06:40','2024-06-15 10:06:40'),(68,'9','Jawa Barat','55','Bekasi','Kota','17121','2024-06-15 10:06:40','2024-06-15 10:06:40'),(69,'9','Jawa Barat','78','Bogor','Kabupaten','16911','2024-06-15 10:06:40','2024-06-15 10:06:40'),(70,'9','Jawa Barat','79','Bogor','Kota','16119','2024-06-15 10:06:40','2024-06-15 10:06:40'),(71,'9','Jawa Barat','103','Ciamis','Kabupaten','46211','2024-06-15 10:06:40','2024-06-15 10:06:40'),(72,'9','Jawa Barat','104','Cianjur','Kabupaten','43217','2024-06-15 10:06:40','2024-06-15 10:06:40'),(73,'9','Jawa Barat','107','Cimahi','Kota','40512','2024-06-15 10:06:40','2024-06-15 10:06:40'),(74,'9','Jawa Barat','108','Cirebon','Kabupaten','45611','2024-06-15 10:06:40','2024-06-15 10:06:40'),(75,'9','Jawa Barat','109','Cirebon','Kota','45116','2024-06-15 10:06:40','2024-06-15 10:06:40'),(76,'9','Jawa Barat','115','Depok','Kota','16416','2024-06-15 10:06:40','2024-06-15 10:06:40'),(77,'9','Jawa Barat','126','Garut','Kabupaten','44126','2024-06-15 10:06:40','2024-06-15 10:06:40'),(78,'9','Jawa Barat','149','Indramayu','Kabupaten','45214','2024-06-15 10:06:40','2024-06-15 10:06:40'),(79,'9','Jawa Barat','171','Karawang','Kabupaten','41311','2024-06-15 10:06:40','2024-06-15 10:06:40'),(80,'9','Jawa Barat','211','Kuningan','Kabupaten','45511','2024-06-15 10:06:40','2024-06-15 10:06:40'),(81,'9','Jawa Barat','252','Majalengka','Kabupaten','45412','2024-06-15 10:06:40','2024-06-15 10:06:40'),(82,'9','Jawa Barat','332','Pangandaran','Kabupaten','46511','2024-06-15 10:06:40','2024-06-15 10:06:40'),(83,'9','Jawa Barat','376','Purwakarta','Kabupaten','41119','2024-06-15 10:06:40','2024-06-15 10:06:40'),(84,'9','Jawa Barat','428','Subang','Kabupaten','41215','2024-06-15 10:06:40','2024-06-15 10:06:40'),(85,'9','Jawa Barat','430','Sukabumi','Kabupaten','43311','2024-06-15 10:06:40','2024-06-15 10:06:40'),(86,'9','Jawa Barat','431','Sukabumi','Kota','43114','2024-06-15 10:06:40','2024-06-15 10:06:40'),(87,'9','Jawa Barat','440','Sumedang','Kabupaten','45326','2024-06-15 10:06:40','2024-06-15 10:06:40'),(88,'9','Jawa Barat','468','Tasikmalaya','Kabupaten','46411','2024-06-15 10:06:40','2024-06-15 10:06:40'),(89,'9','Jawa Barat','469','Tasikmalaya','Kota','46116','2024-06-15 10:06:40','2024-06-15 10:06:40'),(90,'10','Jawa Tengah','37','Banjarnegara','Kabupaten','53419','2024-06-15 10:06:41','2024-06-15 10:06:41'),(91,'10','Jawa Tengah','41','Banyumas','Kabupaten','53114','2024-06-15 10:06:41','2024-06-15 10:06:41'),(92,'10','Jawa Tengah','49','Batang','Kabupaten','51211','2024-06-15 10:06:41','2024-06-15 10:06:41'),(93,'10','Jawa Tengah','76','Blora','Kabupaten','58219','2024-06-15 10:06:41','2024-06-15 10:06:41'),(94,'10','Jawa Tengah','91','Boyolali','Kabupaten','57312','2024-06-15 10:06:41','2024-06-15 10:06:41'),(95,'10','Jawa Tengah','92','Brebes','Kabupaten','52212','2024-06-15 10:06:41','2024-06-15 10:06:41'),(96,'10','Jawa Tengah','105','Cilacap','Kabupaten','53211','2024-06-15 10:06:41','2024-06-15 10:06:41'),(97,'10','Jawa Tengah','113','Demak','Kabupaten','59519','2024-06-15 10:06:41','2024-06-15 10:06:41'),(98,'10','Jawa Tengah','134','Grobogan','Kabupaten','58111','2024-06-15 10:06:41','2024-06-15 10:06:41'),(99,'10','Jawa Tengah','163','Jepara','Kabupaten','59419','2024-06-15 10:06:41','2024-06-15 10:06:41'),(100,'10','Jawa Tengah','169','Karanganyar','Kabupaten','57718','2024-06-15 10:06:41','2024-06-15 10:06:41'),(101,'10','Jawa Tengah','177','Kebumen','Kabupaten','54319','2024-06-15 10:06:41','2024-06-15 10:06:41'),(102,'10','Jawa Tengah','181','Kendal','Kabupaten','51314','2024-06-15 10:06:41','2024-06-15 10:06:41'),(103,'10','Jawa Tengah','196','Klaten','Kabupaten','57411','2024-06-15 10:06:41','2024-06-15 10:06:41'),(104,'10','Jawa Tengah','209','Kudus','Kabupaten','59311','2024-06-15 10:06:41','2024-06-15 10:06:41'),(105,'10','Jawa Tengah','249','Magelang','Kabupaten','56519','2024-06-15 10:06:41','2024-06-15 10:06:41'),(106,'10','Jawa Tengah','250','Magelang','Kota','56133','2024-06-15 10:06:41','2024-06-15 10:06:41'),(107,'10','Jawa Tengah','344','Pati','Kabupaten','59114','2024-06-15 10:06:41','2024-06-15 10:06:41'),(108,'10','Jawa Tengah','348','Pekalongan','Kabupaten','51161','2024-06-15 10:06:41','2024-06-15 10:06:41'),(109,'10','Jawa Tengah','349','Pekalongan','Kota','51122','2024-06-15 10:06:41','2024-06-15 10:06:41'),(110,'10','Jawa Tengah','352','Pemalang','Kabupaten','52319','2024-06-15 10:06:41','2024-06-15 10:06:41'),(111,'10','Jawa Tengah','375','Purbalingga','Kabupaten','53312','2024-06-15 10:06:41','2024-06-15 10:06:41'),(112,'10','Jawa Tengah','377','Purworejo','Kabupaten','54111','2024-06-15 10:06:41','2024-06-15 10:06:41'),(113,'10','Jawa Tengah','380','Rembang','Kabupaten','59219','2024-06-15 10:06:41','2024-06-15 10:06:41'),(114,'10','Jawa Tengah','386','Salatiga','Kota','50711','2024-06-15 10:06:41','2024-06-15 10:06:41'),(115,'10','Jawa Tengah','398','Semarang','Kabupaten','50511','2024-06-15 10:06:41','2024-06-15 10:06:41'),(116,'10','Jawa Tengah','399','Semarang','Kota','50135','2024-06-15 10:06:41','2024-06-15 10:06:41'),(117,'10','Jawa Tengah','427','Sragen','Kabupaten','57211','2024-06-15 10:06:41','2024-06-15 10:06:41'),(118,'10','Jawa Tengah','433','Sukoharjo','Kabupaten','57514','2024-06-15 10:06:41','2024-06-15 10:06:41'),(119,'10','Jawa Tengah','445','Surakarta (Solo)','Kota','57113','2024-06-15 10:06:41','2024-06-15 10:06:41'),(120,'10','Jawa Tengah','472','Tegal','Kabupaten','52419','2024-06-15 10:06:41','2024-06-15 10:06:41'),(121,'10','Jawa Tengah','473','Tegal','Kota','52114','2024-06-15 10:06:41','2024-06-15 10:06:41'),(122,'10','Jawa Tengah','476','Temanggung','Kabupaten','56212','2024-06-15 10:06:41','2024-06-15 10:06:41'),(123,'10','Jawa Tengah','497','Wonogiri','Kabupaten','57619','2024-06-15 10:06:41','2024-06-15 10:06:41'),(124,'10','Jawa Tengah','498','Wonosobo','Kabupaten','56311','2024-06-15 10:06:41','2024-06-15 10:06:41'),(125,'11','Jawa Timur','31','Bangkalan','Kabupaten','69118','2024-06-15 10:06:43','2024-06-15 10:06:43'),(126,'11','Jawa Timur','42','Banyuwangi','Kabupaten','68416','2024-06-15 10:06:43','2024-06-15 10:06:43'),(127,'11','Jawa Timur','51','Batu','Kota','65311','2024-06-15 10:06:43','2024-06-15 10:06:43'),(128,'11','Jawa Timur','74','Blitar','Kabupaten','66171','2024-06-15 10:06:43','2024-06-15 10:06:43'),(129,'11','Jawa Timur','75','Blitar','Kota','66124','2024-06-15 10:06:43','2024-06-15 10:06:43'),(130,'11','Jawa Timur','80','Bojonegoro','Kabupaten','62119','2024-06-15 10:06:43','2024-06-15 10:06:43'),(131,'11','Jawa Timur','86','Bondowoso','Kabupaten','68219','2024-06-15 10:06:43','2024-06-15 10:06:43'),(132,'11','Jawa Timur','133','Gresik','Kabupaten','61115','2024-06-15 10:06:43','2024-06-15 10:06:43'),(133,'11','Jawa Timur','160','Jember','Kabupaten','68113','2024-06-15 10:06:43','2024-06-15 10:06:43'),(134,'11','Jawa Timur','164','Jombang','Kabupaten','61415','2024-06-15 10:06:43','2024-06-15 10:06:43'),(135,'11','Jawa Timur','178','Kediri','Kabupaten','64184','2024-06-15 10:06:43','2024-06-15 10:06:43'),(136,'11','Jawa Timur','179','Kediri','Kota','64125','2024-06-15 10:06:43','2024-06-15 10:06:43'),(137,'11','Jawa Timur','222','Lamongan','Kabupaten','64125','2024-06-15 10:06:43','2024-06-15 10:06:43'),(138,'11','Jawa Timur','243','Lumajang','Kabupaten','67319','2024-06-15 10:06:43','2024-06-15 10:06:43'),(139,'11','Jawa Timur','247','Madiun','Kabupaten','63153','2024-06-15 10:06:43','2024-06-15 10:06:43'),(140,'11','Jawa Timur','248','Madiun','Kota','63122','2024-06-15 10:06:43','2024-06-15 10:06:43'),(141,'11','Jawa Timur','251','Magetan','Kabupaten','63314','2024-06-15 10:06:43','2024-06-15 10:06:43'),(142,'11','Jawa Timur','256','Malang','Kota','65112','2024-06-15 10:06:43','2024-06-15 10:06:43'),(143,'11','Jawa Timur','255','Malang','Kabupaten','65163','2024-06-15 10:06:43','2024-06-15 10:06:43'),(144,'11','Jawa Timur','289','Mojokerto','Kabupaten','61382','2024-06-15 10:06:43','2024-06-15 10:06:43'),(145,'11','Jawa Timur','290','Mojokerto','Kota','61316','2024-06-15 10:06:43','2024-06-15 10:06:43'),(146,'11','Jawa Timur','305','Nganjuk','Kabupaten','64414','2024-06-15 10:06:43','2024-06-15 10:06:43'),(147,'11','Jawa Timur','306','Ngawi','Kabupaten','63219','2024-06-15 10:06:43','2024-06-15 10:06:43'),(148,'11','Jawa Timur','317','Pacitan','Kabupaten','63512','2024-06-15 10:06:43','2024-06-15 10:06:43'),(149,'11','Jawa Timur','330','Pamekasan','Kabupaten','69319','2024-06-15 10:06:43','2024-06-15 10:06:43'),(150,'11','Jawa Timur','342','Pasuruan','Kabupaten','67153','2024-06-15 10:06:43','2024-06-15 10:06:43'),(151,'11','Jawa Timur','343','Pasuruan','Kota','67118','2024-06-15 10:06:43','2024-06-15 10:06:43'),(152,'11','Jawa Timur','363','Ponorogo','Kabupaten','63411','2024-06-15 10:06:43','2024-06-15 10:06:43'),(153,'11','Jawa Timur','369','Probolinggo','Kabupaten','67282','2024-06-15 10:06:43','2024-06-15 10:06:43'),(154,'11','Jawa Timur','370','Probolinggo','Kota','67215','2024-06-15 10:06:43','2024-06-15 10:06:43'),(155,'11','Jawa Timur','390','Sampang','Kabupaten','69219','2024-06-15 10:06:43','2024-06-15 10:06:43'),(156,'11','Jawa Timur','409','Sidoarjo','Kabupaten','61219','2024-06-15 10:06:43','2024-06-15 10:06:43'),(157,'11','Jawa Timur','418','Situbondo','Kabupaten','68316','2024-06-15 10:06:43','2024-06-15 10:06:43'),(158,'11','Jawa Timur','441','Sumenep','Kabupaten','69413','2024-06-15 10:06:43','2024-06-15 10:06:43'),(159,'11','Jawa Timur','444','Surabaya','Kota','60119','2024-06-15 10:06:43','2024-06-15 10:06:43'),(160,'11','Jawa Timur','487','Trenggalek','Kabupaten','66312','2024-06-15 10:06:43','2024-06-15 10:06:43'),(161,'11','Jawa Timur','489','Tuban','Kabupaten','62319','2024-06-15 10:06:43','2024-06-15 10:06:43'),(162,'11','Jawa Timur','492','Tulungagung','Kabupaten','66212','2024-06-15 10:06:43','2024-06-15 10:06:43'),(163,'12','Kalimantan Barat','61','Bengkayang','Kabupaten','79213','2024-06-15 10:06:44','2024-06-15 10:06:44'),(164,'12','Kalimantan Barat','168','Kapuas Hulu','Kabupaten','78719','2024-06-15 10:06:44','2024-06-15 10:06:44'),(165,'12','Kalimantan Barat','176','Kayong Utara','Kabupaten','78852','2024-06-15 10:06:44','2024-06-15 10:06:44'),(166,'12','Kalimantan Barat','195','Ketapang','Kabupaten','78874','2024-06-15 10:06:44','2024-06-15 10:06:44'),(167,'12','Kalimantan Barat','208','Kubu Raya','Kabupaten','78311','2024-06-15 10:06:44','2024-06-15 10:06:44'),(168,'12','Kalimantan Barat','228','Landak','Kabupaten','78319','2024-06-15 10:06:44','2024-06-15 10:06:44'),(169,'12','Kalimantan Barat','279','Melawi','Kabupaten','78619','2024-06-15 10:06:44','2024-06-15 10:06:44'),(170,'12','Kalimantan Barat','364','Pontianak','Kabupaten','78971','2024-06-15 10:06:44','2024-06-15 10:06:44'),(171,'12','Kalimantan Barat','365','Pontianak','Kota','78112','2024-06-15 10:06:44','2024-06-15 10:06:44'),(172,'12','Kalimantan Barat','388','Sambas','Kabupaten','79453','2024-06-15 10:06:44','2024-06-15 10:06:44'),(173,'12','Kalimantan Barat','391','Sanggau','Kabupaten','78557','2024-06-15 10:06:44','2024-06-15 10:06:44'),(174,'12','Kalimantan Barat','395','Sekadau','Kabupaten','79583','2024-06-15 10:06:44','2024-06-15 10:06:44'),(175,'12','Kalimantan Barat','415','Singkawang','Kota','79117','2024-06-15 10:06:44','2024-06-15 10:06:44'),(176,'12','Kalimantan Barat','417','Sintang','Kabupaten','78619','2024-06-15 10:06:44','2024-06-15 10:06:44'),(177,'13','Kalimantan Selatan','18','Balangan','Kabupaten','71611','2024-06-15 10:06:46','2024-06-15 10:06:46'),(178,'13','Kalimantan Selatan','33','Banjar','Kabupaten','70619','2024-06-15 10:06:46','2024-06-15 10:06:46'),(179,'13','Kalimantan Selatan','35','Banjarbaru','Kota','70712','2024-06-15 10:06:46','2024-06-15 10:06:46'),(180,'13','Kalimantan Selatan','36','Banjarmasin','Kota','70117','2024-06-15 10:06:46','2024-06-15 10:06:46'),(181,'13','Kalimantan Selatan','43','Barito Kuala','Kabupaten','70511','2024-06-15 10:06:46','2024-06-15 10:06:46'),(182,'13','Kalimantan Selatan','143','Hulu Sungai Selatan','Kabupaten','71212','2024-06-15 10:06:46','2024-06-15 10:06:46'),(183,'13','Kalimantan Selatan','144','Hulu Sungai Tengah','Kabupaten','71313','2024-06-15 10:06:46','2024-06-15 10:06:46'),(184,'13','Kalimantan Selatan','145','Hulu Sungai Utara','Kabupaten','71419','2024-06-15 10:06:46','2024-06-15 10:06:46'),(185,'13','Kalimantan Selatan','203','Kotabaru','Kabupaten','72119','2024-06-15 10:06:46','2024-06-15 10:06:46'),(186,'13','Kalimantan Selatan','446','Tabalong','Kabupaten','71513','2024-06-15 10:06:46','2024-06-15 10:06:46'),(187,'13','Kalimantan Selatan','452','Tanah Bumbu','Kabupaten','72211','2024-06-15 10:06:46','2024-06-15 10:06:46'),(188,'13','Kalimantan Selatan','454','Tanah Laut','Kabupaten','70811','2024-06-15 10:06:46','2024-06-15 10:06:46'),(189,'13','Kalimantan Selatan','466','Tapin','Kabupaten','71119','2024-06-15 10:06:46','2024-06-15 10:06:46'),(190,'14','Kalimantan Tengah','44','Barito Selatan','Kabupaten','73711','2024-06-15 10:06:47','2024-06-15 10:06:47'),(191,'14','Kalimantan Tengah','45','Barito Timur','Kabupaten','73671','2024-06-15 10:06:47','2024-06-15 10:06:47'),(192,'14','Kalimantan Tengah','46','Barito Utara','Kabupaten','73881','2024-06-15 10:06:47','2024-06-15 10:06:47'),(193,'14','Kalimantan Tengah','136','Gunung Mas','Kabupaten','74511','2024-06-15 10:06:47','2024-06-15 10:06:47'),(194,'14','Kalimantan Tengah','167','Kapuas','Kabupaten','73583','2024-06-15 10:06:47','2024-06-15 10:06:47'),(195,'14','Kalimantan Tengah','174','Katingan','Kabupaten','74411','2024-06-15 10:06:47','2024-06-15 10:06:47'),(196,'14','Kalimantan Tengah','205','Kotawaringin Barat','Kabupaten','74119','2024-06-15 10:06:47','2024-06-15 10:06:47'),(197,'14','Kalimantan Tengah','206','Kotawaringin Timur','Kabupaten','74364','2024-06-15 10:06:47','2024-06-15 10:06:47'),(198,'14','Kalimantan Tengah','221','Lamandau','Kabupaten','74611','2024-06-15 10:06:47','2024-06-15 10:06:47'),(199,'14','Kalimantan Tengah','296','Murung Raya','Kabupaten','73911','2024-06-15 10:06:47','2024-06-15 10:06:47'),(200,'14','Kalimantan Tengah','326','Palangka Raya','Kota','73112','2024-06-15 10:06:47','2024-06-15 10:06:47'),(201,'14','Kalimantan Tengah','371','Pulang Pisau','Kabupaten','74811','2024-06-15 10:06:47','2024-06-15 10:06:47'),(202,'14','Kalimantan Tengah','405','Seruyan','Kabupaten','74211','2024-06-15 10:06:47','2024-06-15 10:06:47'),(203,'14','Kalimantan Tengah','432','Sukamara','Kabupaten','74712','2024-06-15 10:06:47','2024-06-15 10:06:47'),(204,'15','Kalimantan Timur','19','Balikpapan','Kota','76111','2024-06-15 10:06:48','2024-06-15 10:06:48'),(205,'15','Kalimantan Timur','66','Berau','Kabupaten','77311','2024-06-15 10:06:48','2024-06-15 10:06:48'),(206,'15','Kalimantan Timur','89','Bontang','Kota','75313','2024-06-15 10:06:48','2024-06-15 10:06:48'),(207,'15','Kalimantan Timur','214','Kutai Barat','Kabupaten','75711','2024-06-15 10:06:48','2024-06-15 10:06:48'),(208,'15','Kalimantan Timur','215','Kutai Kartanegara','Kabupaten','75511','2024-06-15 10:06:48','2024-06-15 10:06:48'),(209,'15','Kalimantan Timur','216','Kutai Timur','Kabupaten','75611','2024-06-15 10:06:48','2024-06-15 10:06:48'),(210,'15','Kalimantan Timur','341','Paser','Kabupaten','76211','2024-06-15 10:06:48','2024-06-15 10:06:48'),(211,'15','Kalimantan Timur','354','Penajam Paser Utara','Kabupaten','76311','2024-06-15 10:06:48','2024-06-15 10:06:48'),(212,'15','Kalimantan Timur','387','Samarinda','Kota','75133','2024-06-15 10:06:48','2024-06-15 10:06:48'),(213,'16','Kalimantan Utara','96','Bulungan (Bulongan)','Kabupaten','77211','2024-06-15 10:06:50','2024-06-15 10:06:50'),(214,'16','Kalimantan Utara','257','Malinau','Kabupaten','77511','2024-06-15 10:06:50','2024-06-15 10:06:50'),(215,'16','Kalimantan Utara','311','Nunukan','Kabupaten','77421','2024-06-15 10:06:50','2024-06-15 10:06:50'),(216,'16','Kalimantan Utara','450','Tana Tidung','Kabupaten','77611','2024-06-15 10:06:50','2024-06-15 10:06:50'),(217,'16','Kalimantan Utara','467','Tarakan','Kota','77114','2024-06-15 10:06:50','2024-06-15 10:06:50'),(218,'17','Kepulauan Riau','48','Batam','Kota','29413','2024-06-15 10:06:52','2024-06-15 10:06:52'),(219,'17','Kepulauan Riau','71','Bintan','Kabupaten','29135','2024-06-15 10:06:52','2024-06-15 10:06:52'),(220,'17','Kepulauan Riau','172','Karimun','Kabupaten','29611','2024-06-15 10:06:52','2024-06-15 10:06:52'),(221,'17','Kepulauan Riau','184','Kepulauan Anambas','Kabupaten','29991','2024-06-15 10:06:52','2024-06-15 10:06:52'),(222,'17','Kepulauan Riau','237','Lingga','Kabupaten','29811','2024-06-15 10:06:52','2024-06-15 10:06:52'),(223,'17','Kepulauan Riau','302','Natuna','Kabupaten','29711','2024-06-15 10:06:52','2024-06-15 10:06:52'),(224,'17','Kepulauan Riau','462','Tanjung Pinang','Kota','29111','2024-06-15 10:06:52','2024-06-15 10:06:52'),(225,'18','Lampung','21','Bandar Lampung','Kota','35139','2024-06-15 10:06:53','2024-06-15 10:06:53'),(226,'18','Lampung','223','Lampung Barat','Kabupaten','34814','2024-06-15 10:06:53','2024-06-15 10:06:53'),(227,'18','Lampung','224','Lampung Selatan','Kabupaten','35511','2024-06-15 10:06:53','2024-06-15 10:06:53'),(228,'18','Lampung','225','Lampung Tengah','Kabupaten','34212','2024-06-15 10:06:53','2024-06-15 10:06:53'),(229,'18','Lampung','226','Lampung Timur','Kabupaten','34319','2024-06-15 10:06:53','2024-06-15 10:06:53'),(230,'18','Lampung','227','Lampung Utara','Kabupaten','34516','2024-06-15 10:06:53','2024-06-15 10:06:53'),(231,'18','Lampung','282','Mesuji','Kabupaten','34911','2024-06-15 10:06:53','2024-06-15 10:06:53'),(232,'18','Lampung','283','Metro','Kota','34111','2024-06-15 10:06:53','2024-06-15 10:06:53'),(233,'18','Lampung','355','Pesawaran','Kabupaten','35312','2024-06-15 10:06:53','2024-06-15 10:06:53'),(234,'18','Lampung','356','Pesisir Barat','Kabupaten','35974','2024-06-15 10:06:53','2024-06-15 10:06:53'),(235,'18','Lampung','368','Pringsewu','Kabupaten','35719','2024-06-15 10:06:53','2024-06-15 10:06:53'),(236,'18','Lampung','458','Tanggamus','Kabupaten','35619','2024-06-15 10:06:53','2024-06-15 10:06:53'),(237,'18','Lampung','490','Tulang Bawang','Kabupaten','34613','2024-06-15 10:06:53','2024-06-15 10:06:53'),(238,'18','Lampung','491','Tulang Bawang Barat','Kabupaten','34419','2024-06-15 10:06:53','2024-06-15 10:06:53'),(239,'18','Lampung','496','Way Kanan','Kabupaten','34711','2024-06-15 10:06:53','2024-06-15 10:06:53'),(240,'19','Maluku','14','Ambon','Kota','97222','2024-06-15 10:06:55','2024-06-15 10:06:55'),(241,'19','Maluku','99','Buru','Kabupaten','97371','2024-06-15 10:06:55','2024-06-15 10:06:55'),(242,'19','Maluku','100','Buru Selatan','Kabupaten','97351','2024-06-15 10:06:55','2024-06-15 10:06:55'),(243,'19','Maluku','185','Kepulauan Aru','Kabupaten','97681','2024-06-15 10:06:55','2024-06-15 10:06:55'),(244,'19','Maluku','258','Maluku Barat Daya','Kabupaten','97451','2024-06-15 10:06:55','2024-06-15 10:06:55'),(245,'19','Maluku','259','Maluku Tengah','Kabupaten','97513','2024-06-15 10:06:55','2024-06-15 10:06:55'),(246,'19','Maluku','260','Maluku Tenggara','Kabupaten','97651','2024-06-15 10:06:55','2024-06-15 10:06:55'),(247,'19','Maluku','261','Maluku Tenggara Barat','Kabupaten','97465','2024-06-15 10:06:55','2024-06-15 10:06:55'),(248,'19','Maluku','400','Seram Bagian Barat','Kabupaten','97561','2024-06-15 10:06:55','2024-06-15 10:06:55'),(249,'19','Maluku','401','Seram Bagian Timur','Kabupaten','97581','2024-06-15 10:06:55','2024-06-15 10:06:55'),(250,'19','Maluku','488','Tual','Kota','97612','2024-06-15 10:06:55','2024-06-15 10:06:55'),(251,'20','Maluku Utara','138','Halmahera Barat','Kabupaten','97757','2024-06-15 10:06:56','2024-06-15 10:06:56'),(252,'20','Maluku Utara','139','Halmahera Selatan','Kabupaten','97911','2024-06-15 10:06:56','2024-06-15 10:06:56'),(253,'20','Maluku Utara','140','Halmahera Tengah','Kabupaten','97853','2024-06-15 10:06:56','2024-06-15 10:06:56'),(254,'20','Maluku Utara','141','Halmahera Timur','Kabupaten','97862','2024-06-15 10:06:56','2024-06-15 10:06:56'),(255,'20','Maluku Utara','142','Halmahera Utara','Kabupaten','97762','2024-06-15 10:06:56','2024-06-15 10:06:56'),(256,'20','Maluku Utara','191','Kepulauan Sula','Kabupaten','97995','2024-06-15 10:06:56','2024-06-15 10:06:56'),(257,'20','Maluku Utara','372','Pulau Morotai','Kabupaten','97771','2024-06-15 10:06:56','2024-06-15 10:06:56'),(258,'20','Maluku Utara','477','Ternate','Kota','97714','2024-06-15 10:06:56','2024-06-15 10:06:56'),(259,'20','Maluku Utara','478','Tidore Kepulauan','Kota','97815','2024-06-15 10:06:56','2024-06-15 10:06:56'),(260,'21','Nanggroe Aceh Darussalam (NAD)','1','Aceh Barat','Kabupaten','23681','2024-06-15 10:06:57','2024-06-15 10:06:57'),(261,'21','Nanggroe Aceh Darussalam (NAD)','2','Aceh Barat Daya','Kabupaten','23764','2024-06-15 10:06:57','2024-06-15 10:06:57'),(262,'21','Nanggroe Aceh Darussalam (NAD)','3','Aceh Besar','Kabupaten','23951','2024-06-15 10:06:57','2024-06-15 10:06:57'),(263,'21','Nanggroe Aceh Darussalam (NAD)','4','Aceh Jaya','Kabupaten','23654','2024-06-15 10:06:57','2024-06-15 10:06:57'),(264,'21','Nanggroe Aceh Darussalam (NAD)','5','Aceh Selatan','Kabupaten','23719','2024-06-15 10:06:57','2024-06-15 10:06:57'),(265,'21','Nanggroe Aceh Darussalam (NAD)','6','Aceh Singkil','Kabupaten','24785','2024-06-15 10:06:57','2024-06-15 10:06:57'),(266,'21','Nanggroe Aceh Darussalam (NAD)','7','Aceh Tamiang','Kabupaten','24476','2024-06-15 10:06:57','2024-06-15 10:06:57'),(267,'21','Nanggroe Aceh Darussalam (NAD)','8','Aceh Tengah','Kabupaten','24511','2024-06-15 10:06:57','2024-06-15 10:06:57'),(268,'21','Nanggroe Aceh Darussalam (NAD)','9','Aceh Tenggara','Kabupaten','24611','2024-06-15 10:06:57','2024-06-15 10:06:57'),(269,'21','Nanggroe Aceh Darussalam (NAD)','10','Aceh Timur','Kabupaten','24454','2024-06-15 10:06:57','2024-06-15 10:06:57'),(270,'21','Nanggroe Aceh Darussalam (NAD)','11','Aceh Utara','Kabupaten','24382','2024-06-15 10:06:57','2024-06-15 10:06:57'),(271,'21','Nanggroe Aceh Darussalam (NAD)','20','Banda Aceh','Kota','23238','2024-06-15 10:06:57','2024-06-15 10:06:57'),(272,'21','Nanggroe Aceh Darussalam (NAD)','59','Bener Meriah','Kabupaten','24581','2024-06-15 10:06:57','2024-06-15 10:06:57'),(273,'21','Nanggroe Aceh Darussalam (NAD)','72','Bireuen','Kabupaten','24219','2024-06-15 10:06:57','2024-06-15 10:06:57'),(274,'21','Nanggroe Aceh Darussalam (NAD)','127','Gayo Lues','Kabupaten','24653','2024-06-15 10:06:57','2024-06-15 10:06:57'),(275,'21','Nanggroe Aceh Darussalam (NAD)','230','Langsa','Kota','24412','2024-06-15 10:06:57','2024-06-15 10:06:57'),(276,'21','Nanggroe Aceh Darussalam (NAD)','235','Lhokseumawe','Kota','24352','2024-06-15 10:06:57','2024-06-15 10:06:57'),(277,'21','Nanggroe Aceh Darussalam (NAD)','300','Nagan Raya','Kabupaten','23674','2024-06-15 10:06:57','2024-06-15 10:06:57'),(278,'21','Nanggroe Aceh Darussalam (NAD)','358','Pidie','Kabupaten','24116','2024-06-15 10:06:57','2024-06-15 10:06:57'),(279,'21','Nanggroe Aceh Darussalam (NAD)','359','Pidie Jaya','Kabupaten','24186','2024-06-15 10:06:57','2024-06-15 10:06:57'),(280,'21','Nanggroe Aceh Darussalam (NAD)','384','Sabang','Kota','23512','2024-06-15 10:06:57','2024-06-15 10:06:57'),(281,'21','Nanggroe Aceh Darussalam (NAD)','414','Simeulue','Kabupaten','23891','2024-06-15 10:06:57','2024-06-15 10:06:57'),(282,'21','Nanggroe Aceh Darussalam (NAD)','429','Subulussalam','Kota','24882','2024-06-15 10:06:57','2024-06-15 10:06:57'),(283,'22','Nusa Tenggara Barat (NTB)','68','Bima','Kabupaten','84171','2024-06-15 10:06:59','2024-06-15 10:06:59'),(284,'22','Nusa Tenggara Barat (NTB)','69','Bima','Kota','84139','2024-06-15 10:06:59','2024-06-15 10:06:59'),(285,'22','Nusa Tenggara Barat (NTB)','118','Dompu','Kabupaten','84217','2024-06-15 10:06:59','2024-06-15 10:06:59'),(286,'22','Nusa Tenggara Barat (NTB)','238','Lombok Barat','Kabupaten','83311','2024-06-15 10:06:59','2024-06-15 10:06:59'),(287,'22','Nusa Tenggara Barat (NTB)','239','Lombok Tengah','Kabupaten','83511','2024-06-15 10:06:59','2024-06-15 10:06:59'),(288,'22','Nusa Tenggara Barat (NTB)','240','Lombok Timur','Kabupaten','83612','2024-06-15 10:06:59','2024-06-15 10:06:59'),(289,'22','Nusa Tenggara Barat (NTB)','241','Lombok Utara','Kabupaten','83711','2024-06-15 10:06:59','2024-06-15 10:06:59'),(290,'22','Nusa Tenggara Barat (NTB)','276','Mataram','Kota','83131','2024-06-15 10:06:59','2024-06-15 10:06:59'),(291,'22','Nusa Tenggara Barat (NTB)','438','Sumbawa','Kabupaten','84315','2024-06-15 10:06:59','2024-06-15 10:06:59'),(292,'22','Nusa Tenggara Barat (NTB)','439','Sumbawa Barat','Kabupaten','84419','2024-06-15 10:06:59','2024-06-15 10:06:59'),(293,'23','Nusa Tenggara Timur (NTT)','13','Alor','Kabupaten','85811','2024-06-15 10:07:00','2024-06-15 10:07:00'),(294,'23','Nusa Tenggara Timur (NTT)','58','Belu','Kabupaten','85711','2024-06-15 10:07:00','2024-06-15 10:07:00'),(295,'23','Nusa Tenggara Timur (NTT)','122','Ende','Kabupaten','86351','2024-06-15 10:07:00','2024-06-15 10:07:00'),(296,'23','Nusa Tenggara Timur (NTT)','125','Flores Timur','Kabupaten','86213','2024-06-15 10:07:00','2024-06-15 10:07:00'),(297,'23','Nusa Tenggara Timur (NTT)','212','Kupang','Kabupaten','85362','2024-06-15 10:07:00','2024-06-15 10:07:00'),(298,'23','Nusa Tenggara Timur (NTT)','213','Kupang','Kota','85119','2024-06-15 10:07:00','2024-06-15 10:07:00'),(299,'23','Nusa Tenggara Timur (NTT)','234','Lembata','Kabupaten','86611','2024-06-15 10:07:00','2024-06-15 10:07:00'),(300,'23','Nusa Tenggara Timur (NTT)','269','Manggarai','Kabupaten','86551','2024-06-15 10:07:00','2024-06-15 10:07:00'),(301,'23','Nusa Tenggara Timur (NTT)','270','Manggarai Barat','Kabupaten','86711','2024-06-15 10:07:00','2024-06-15 10:07:00'),(302,'23','Nusa Tenggara Timur (NTT)','271','Manggarai Timur','Kabupaten','86811','2024-06-15 10:07:00','2024-06-15 10:07:00'),(303,'23','Nusa Tenggara Timur (NTT)','301','Nagekeo','Kabupaten','86911','2024-06-15 10:07:00','2024-06-15 10:07:00'),(304,'23','Nusa Tenggara Timur (NTT)','304','Ngada','Kabupaten','86413','2024-06-15 10:07:00','2024-06-15 10:07:00'),(305,'23','Nusa Tenggara Timur (NTT)','383','Rote Ndao','Kabupaten','85982','2024-06-15 10:07:00','2024-06-15 10:07:00'),(306,'23','Nusa Tenggara Timur (NTT)','385','Sabu Raijua','Kabupaten','85391','2024-06-15 10:07:00','2024-06-15 10:07:00'),(307,'23','Nusa Tenggara Timur (NTT)','412','Sikka','Kabupaten','86121','2024-06-15 10:07:00','2024-06-15 10:07:00'),(308,'23','Nusa Tenggara Timur (NTT)','434','Sumba Barat','Kabupaten','87219','2024-06-15 10:07:00','2024-06-15 10:07:00'),(309,'23','Nusa Tenggara Timur (NTT)','435','Sumba Barat Daya','Kabupaten','87453','2024-06-15 10:07:00','2024-06-15 10:07:00'),(310,'23','Nusa Tenggara Timur (NTT)','436','Sumba Tengah','Kabupaten','87358','2024-06-15 10:07:00','2024-06-15 10:07:00'),(311,'23','Nusa Tenggara Timur (NTT)','437','Sumba Timur','Kabupaten','87112','2024-06-15 10:07:00','2024-06-15 10:07:00'),(312,'23','Nusa Tenggara Timur (NTT)','479','Timor Tengah Selatan','Kabupaten','85562','2024-06-15 10:07:00','2024-06-15 10:07:00'),(313,'23','Nusa Tenggara Timur (NTT)','480','Timor Tengah Utara','Kabupaten','85612','2024-06-15 10:07:00','2024-06-15 10:07:00'),(314,'24','Papua','16','Asmat','Kabupaten','99777','2024-06-15 10:07:02','2024-06-15 10:07:02'),(315,'24','Papua','67','Biak Numfor','Kabupaten','98119','2024-06-15 10:07:02','2024-06-15 10:07:02'),(316,'24','Papua','90','Boven Digoel','Kabupaten','99662','2024-06-15 10:07:02','2024-06-15 10:07:02'),(317,'24','Papua','111','Deiyai (Deliyai)','Kabupaten','98784','2024-06-15 10:07:02','2024-06-15 10:07:02'),(318,'24','Papua','117','Dogiyai','Kabupaten','98866','2024-06-15 10:07:02','2024-06-15 10:07:02'),(319,'24','Papua','150','Intan Jaya','Kabupaten','98771','2024-06-15 10:07:02','2024-06-15 10:07:02'),(320,'24','Papua','157','Jayapura','Kabupaten','99352','2024-06-15 10:07:02','2024-06-15 10:07:02'),(321,'24','Papua','158','Jayapura','Kota','99114','2024-06-15 10:07:02','2024-06-15 10:07:02'),(322,'24','Papua','159','Jayawijaya','Kabupaten','99511','2024-06-15 10:07:02','2024-06-15 10:07:02'),(323,'24','Papua','180','Keerom','Kabupaten','99461','2024-06-15 10:07:02','2024-06-15 10:07:02'),(324,'24','Papua','193','Kepulauan Yapen (Yapen Waropen)','Kabupaten','98211','2024-06-15 10:07:02','2024-06-15 10:07:02'),(325,'24','Papua','231','Lanny Jaya','Kabupaten','99531','2024-06-15 10:07:02','2024-06-15 10:07:02'),(326,'24','Papua','263','Mamberamo Raya','Kabupaten','99381','2024-06-15 10:07:02','2024-06-15 10:07:02'),(327,'24','Papua','264','Mamberamo Tengah','Kabupaten','99553','2024-06-15 10:07:02','2024-06-15 10:07:02'),(328,'24','Papua','274','Mappi','Kabupaten','99853','2024-06-15 10:07:02','2024-06-15 10:07:02'),(329,'24','Papua','281','Merauke','Kabupaten','99613','2024-06-15 10:07:02','2024-06-15 10:07:02'),(330,'24','Papua','284','Mimika','Kabupaten','99962','2024-06-15 10:07:02','2024-06-15 10:07:02'),(331,'24','Papua','299','Nabire','Kabupaten','98816','2024-06-15 10:07:02','2024-06-15 10:07:02'),(332,'24','Papua','303','Nduga','Kabupaten','99541','2024-06-15 10:07:02','2024-06-15 10:07:02'),(333,'24','Papua','335','Paniai','Kabupaten','98765','2024-06-15 10:07:02','2024-06-15 10:07:02'),(334,'24','Papua','347','Pegunungan Bintang','Kabupaten','99573','2024-06-15 10:07:02','2024-06-15 10:07:02'),(335,'24','Papua','373','Puncak','Kabupaten','98981','2024-06-15 10:07:02','2024-06-15 10:07:02'),(336,'24','Papua','374','Puncak Jaya','Kabupaten','98979','2024-06-15 10:07:02','2024-06-15 10:07:02'),(337,'24','Papua','392','Sarmi','Kabupaten','99373','2024-06-15 10:07:02','2024-06-15 10:07:02'),(338,'24','Papua','443','Supiori','Kabupaten','98164','2024-06-15 10:07:02','2024-06-15 10:07:02'),(339,'24','Papua','484','Tolikara','Kabupaten','99411','2024-06-15 10:07:02','2024-06-15 10:07:02'),(340,'24','Papua','495','Waropen','Kabupaten','98269','2024-06-15 10:07:02','2024-06-15 10:07:02'),(341,'24','Papua','499','Yahukimo','Kabupaten','99041','2024-06-15 10:07:02','2024-06-15 10:07:02'),(342,'24','Papua','500','Yalimo','Kabupaten','99481','2024-06-15 10:07:02','2024-06-15 10:07:02'),(343,'25','Papua Barat','124','Fakfak','Kabupaten','98651','2024-06-15 10:07:03','2024-06-15 10:07:03'),(344,'25','Papua Barat','165','Kaimana','Kabupaten','98671','2024-06-15 10:07:03','2024-06-15 10:07:03'),(345,'25','Papua Barat','272','Manokwari','Kabupaten','98311','2024-06-15 10:07:03','2024-06-15 10:07:03'),(346,'25','Papua Barat','273','Manokwari Selatan','Kabupaten','98355','2024-06-15 10:07:03','2024-06-15 10:07:03'),(347,'25','Papua Barat','277','Maybrat','Kabupaten','98051','2024-06-15 10:07:03','2024-06-15 10:07:03'),(348,'25','Papua Barat','346','Pegunungan Arfak','Kabupaten','98354','2024-06-15 10:07:03','2024-06-15 10:07:03'),(349,'25','Papua Barat','378','Raja Ampat','Kabupaten','98489','2024-06-15 10:07:03','2024-06-15 10:07:03'),(350,'25','Papua Barat','424','Sorong','Kabupaten','98431','2024-06-15 10:07:03','2024-06-15 10:07:03'),(351,'25','Papua Barat','425','Sorong','Kota','98411','2024-06-15 10:07:03','2024-06-15 10:07:03'),(352,'25','Papua Barat','426','Sorong Selatan','Kabupaten','98454','2024-06-15 10:07:03','2024-06-15 10:07:03'),(353,'25','Papua Barat','449','Tambrauw','Kabupaten','98475','2024-06-15 10:07:03','2024-06-15 10:07:03'),(354,'25','Papua Barat','474','Teluk Bintuni','Kabupaten','98551','2024-06-15 10:07:03','2024-06-15 10:07:03'),(355,'25','Papua Barat','475','Teluk Wondama','Kabupaten','98591','2024-06-15 10:07:03','2024-06-15 10:07:03'),(356,'26','Riau','60','Bengkalis','Kabupaten','28719','2024-06-15 10:07:04','2024-06-15 10:07:04'),(357,'26','Riau','120','Dumai','Kota','28811','2024-06-15 10:07:04','2024-06-15 10:07:04'),(358,'26','Riau','147','Indragiri Hilir','Kabupaten','29212','2024-06-15 10:07:04','2024-06-15 10:07:04'),(359,'26','Riau','148','Indragiri Hulu','Kabupaten','29319','2024-06-15 10:07:04','2024-06-15 10:07:04'),(360,'26','Riau','166','Kampar','Kabupaten','28411','2024-06-15 10:07:04','2024-06-15 10:07:04'),(361,'26','Riau','187','Kepulauan Meranti','Kabupaten','28791','2024-06-15 10:07:04','2024-06-15 10:07:04'),(362,'26','Riau','207','Kuantan Singingi','Kabupaten','29519','2024-06-15 10:07:04','2024-06-15 10:07:04'),(363,'26','Riau','350','Pekanbaru','Kota','28112','2024-06-15 10:07:04','2024-06-15 10:07:04'),(364,'26','Riau','351','Pelalawan','Kabupaten','28311','2024-06-15 10:07:04','2024-06-15 10:07:04'),(365,'26','Riau','381','Rokan Hilir','Kabupaten','28992','2024-06-15 10:07:04','2024-06-15 10:07:04'),(366,'26','Riau','382','Rokan Hulu','Kabupaten','28511','2024-06-15 10:07:04','2024-06-15 10:07:04'),(367,'26','Riau','406','Siak','Kabupaten','28623','2024-06-15 10:07:04','2024-06-15 10:07:04'),(368,'27','Sulawesi Barat','253','Majene','Kabupaten','91411','2024-06-15 10:07:06','2024-06-15 10:07:06'),(369,'27','Sulawesi Barat','262','Mamasa','Kabupaten','91362','2024-06-15 10:07:06','2024-06-15 10:07:06'),(370,'27','Sulawesi Barat','265','Mamuju','Kabupaten','91519','2024-06-15 10:07:06','2024-06-15 10:07:06'),(371,'27','Sulawesi Barat','266','Mamuju Utara','Kabupaten','91571','2024-06-15 10:07:06','2024-06-15 10:07:06'),(372,'27','Sulawesi Barat','362','Polewali Mandar','Kabupaten','91311','2024-06-15 10:07:06','2024-06-15 10:07:06'),(373,'28','Sulawesi Selatan','38','Bantaeng','Kabupaten','92411','2024-06-15 10:07:07','2024-06-15 10:07:07'),(374,'28','Sulawesi Selatan','47','Barru','Kabupaten','90719','2024-06-15 10:07:07','2024-06-15 10:07:07'),(375,'28','Sulawesi Selatan','87','Bone','Kabupaten','92713','2024-06-15 10:07:07','2024-06-15 10:07:07'),(376,'28','Sulawesi Selatan','95','Bulukumba','Kabupaten','92511','2024-06-15 10:07:07','2024-06-15 10:07:07'),(377,'28','Sulawesi Selatan','123','Enrekang','Kabupaten','91719','2024-06-15 10:07:07','2024-06-15 10:07:07'),(378,'28','Sulawesi Selatan','132','Gowa','Kabupaten','92111','2024-06-15 10:07:07','2024-06-15 10:07:07'),(379,'28','Sulawesi Selatan','162','Jeneponto','Kabupaten','92319','2024-06-15 10:07:07','2024-06-15 10:07:07'),(380,'28','Sulawesi Selatan','244','Luwu','Kabupaten','91994','2024-06-15 10:07:07','2024-06-15 10:07:07'),(381,'28','Sulawesi Selatan','245','Luwu Timur','Kabupaten','92981','2024-06-15 10:07:07','2024-06-15 10:07:07'),(382,'28','Sulawesi Selatan','246','Luwu Utara','Kabupaten','92911','2024-06-15 10:07:07','2024-06-15 10:07:07'),(383,'28','Sulawesi Selatan','254','Makassar','Kota','90111','2024-06-15 10:07:07','2024-06-15 10:07:07'),(384,'28','Sulawesi Selatan','275','Maros','Kabupaten','90511','2024-06-15 10:07:07','2024-06-15 10:07:07'),(385,'28','Sulawesi Selatan','328','Palopo','Kota','91911','2024-06-15 10:07:07','2024-06-15 10:07:07'),(386,'28','Sulawesi Selatan','333','Pangkajene Kepulauan','Kabupaten','90611','2024-06-15 10:07:07','2024-06-15 10:07:07'),(387,'28','Sulawesi Selatan','336','Parepare','Kota','91123','2024-06-15 10:07:07','2024-06-15 10:07:07'),(388,'28','Sulawesi Selatan','360','Pinrang','Kabupaten','91251','2024-06-15 10:07:07','2024-06-15 10:07:07'),(389,'28','Sulawesi Selatan','396','Selayar (Kepulauan Selayar)','Kabupaten','92812','2024-06-15 10:07:07','2024-06-15 10:07:07'),(390,'28','Sulawesi Selatan','408','Sidenreng Rappang/Rapang','Kabupaten','91613','2024-06-15 10:07:07','2024-06-15 10:07:07'),(391,'28','Sulawesi Selatan','416','Sinjai','Kabupaten','92615','2024-06-15 10:07:07','2024-06-15 10:07:07'),(392,'28','Sulawesi Selatan','423','Soppeng','Kabupaten','90812','2024-06-15 10:07:07','2024-06-15 10:07:07'),(393,'28','Sulawesi Selatan','448','Takalar','Kabupaten','92212','2024-06-15 10:07:07','2024-06-15 10:07:07'),(394,'28','Sulawesi Selatan','451','Tana Toraja','Kabupaten','91819','2024-06-15 10:07:07','2024-06-15 10:07:07'),(395,'28','Sulawesi Selatan','486','Toraja Utara','Kabupaten','91831','2024-06-15 10:07:07','2024-06-15 10:07:07'),(396,'28','Sulawesi Selatan','493','Wajo','Kabupaten','90911','2024-06-15 10:07:07','2024-06-15 10:07:07'),(397,'29','Sulawesi Tengah','25','Banggai','Kabupaten','94711','2024-06-15 10:07:09','2024-06-15 10:07:09'),(398,'29','Sulawesi Tengah','26','Banggai Kepulauan','Kabupaten','94881','2024-06-15 10:07:09','2024-06-15 10:07:09'),(399,'29','Sulawesi Tengah','98','Buol','Kabupaten','94564','2024-06-15 10:07:09','2024-06-15 10:07:09'),(400,'29','Sulawesi Tengah','119','Donggala','Kabupaten','94341','2024-06-15 10:07:09','2024-06-15 10:07:09'),(401,'29','Sulawesi Tengah','291','Morowali','Kabupaten','94911','2024-06-15 10:07:09','2024-06-15 10:07:09'),(402,'29','Sulawesi Tengah','329','Palu','Kota','94111','2024-06-15 10:07:09','2024-06-15 10:07:09'),(403,'29','Sulawesi Tengah','338','Parigi Moutong','Kabupaten','94411','2024-06-15 10:07:09','2024-06-15 10:07:09'),(404,'29','Sulawesi Tengah','366','Poso','Kabupaten','94615','2024-06-15 10:07:09','2024-06-15 10:07:09'),(405,'29','Sulawesi Tengah','410','Sigi','Kabupaten','94364','2024-06-15 10:07:09','2024-06-15 10:07:09'),(406,'29','Sulawesi Tengah','482','Tojo Una-Una','Kabupaten','94683','2024-06-15 10:07:09','2024-06-15 10:07:09'),(407,'29','Sulawesi Tengah','483','Toli-Toli','Kabupaten','94542','2024-06-15 10:07:09','2024-06-15 10:07:09'),(408,'30','Sulawesi Tenggara','53','Bau-Bau','Kota','93719','2024-06-15 10:07:10','2024-06-15 10:07:10'),(409,'30','Sulawesi Tenggara','85','Bombana','Kabupaten','93771','2024-06-15 10:07:10','2024-06-15 10:07:10'),(410,'30','Sulawesi Tenggara','101','Buton','Kabupaten','93754','2024-06-15 10:07:10','2024-06-15 10:07:10'),(411,'30','Sulawesi Tenggara','102','Buton Utara','Kabupaten','93745','2024-06-15 10:07:10','2024-06-15 10:07:10'),(412,'30','Sulawesi Tenggara','182','Kendari','Kota','93126','2024-06-15 10:07:10','2024-06-15 10:07:10'),(413,'30','Sulawesi Tenggara','198','Kolaka','Kabupaten','93511','2024-06-15 10:07:10','2024-06-15 10:07:10'),(414,'30','Sulawesi Tenggara','199','Kolaka Utara','Kabupaten','93911','2024-06-15 10:07:10','2024-06-15 10:07:10'),(415,'30','Sulawesi Tenggara','200','Konawe','Kabupaten','93411','2024-06-15 10:07:10','2024-06-15 10:07:10'),(416,'30','Sulawesi Tenggara','201','Konawe Selatan','Kabupaten','93811','2024-06-15 10:07:10','2024-06-15 10:07:10'),(417,'30','Sulawesi Tenggara','202','Konawe Utara','Kabupaten','93311','2024-06-15 10:07:10','2024-06-15 10:07:10'),(418,'30','Sulawesi Tenggara','295','Muna','Kabupaten','93611','2024-06-15 10:07:10','2024-06-15 10:07:10'),(419,'30','Sulawesi Tenggara','494','Wakatobi','Kabupaten','93791','2024-06-15 10:07:10','2024-06-15 10:07:10'),(420,'31','Sulawesi Utara','73','Bitung','Kota','95512','2024-06-15 10:07:12','2024-06-15 10:07:12'),(421,'31','Sulawesi Utara','81','Bolaang Mongondow (Bolmong)','Kabupaten','95755','2024-06-15 10:07:12','2024-06-15 10:07:12'),(422,'31','Sulawesi Utara','82','Bolaang Mongondow Selatan','Kabupaten','95774','2024-06-15 10:07:12','2024-06-15 10:07:12'),(423,'31','Sulawesi Utara','83','Bolaang Mongondow Timur','Kabupaten','95783','2024-06-15 10:07:12','2024-06-15 10:07:12'),(424,'31','Sulawesi Utara','84','Bolaang Mongondow Utara','Kabupaten','95765','2024-06-15 10:07:12','2024-06-15 10:07:12'),(425,'31','Sulawesi Utara','188','Kepulauan Sangihe','Kabupaten','95819','2024-06-15 10:07:12','2024-06-15 10:07:12'),(426,'31','Sulawesi Utara','190','Kepulauan Siau Tagulandang Biaro (Sitaro)','Kabupaten','95862','2024-06-15 10:07:12','2024-06-15 10:07:12'),(427,'31','Sulawesi Utara','192','Kepulauan Talaud','Kabupaten','95885','2024-06-15 10:07:12','2024-06-15 10:07:12'),(428,'31','Sulawesi Utara','204','Kotamobagu','Kota','95711','2024-06-15 10:07:12','2024-06-15 10:07:12'),(429,'31','Sulawesi Utara','267','Manado','Kota','95247','2024-06-15 10:07:12','2024-06-15 10:07:12'),(430,'31','Sulawesi Utara','285','Minahasa','Kabupaten','95614','2024-06-15 10:07:12','2024-06-15 10:07:12'),(431,'31','Sulawesi Utara','286','Minahasa Selatan','Kabupaten','95914','2024-06-15 10:07:12','2024-06-15 10:07:12'),(432,'31','Sulawesi Utara','287','Minahasa Tenggara','Kabupaten','95995','2024-06-15 10:07:12','2024-06-15 10:07:12'),(433,'31','Sulawesi Utara','288','Minahasa Utara','Kabupaten','95316','2024-06-15 10:07:12','2024-06-15 10:07:12'),(434,'31','Sulawesi Utara','485','Tomohon','Kota','95416','2024-06-15 10:07:12','2024-06-15 10:07:12'),(435,'32','Sumatera Barat','12','Agam','Kabupaten','26411','2024-06-15 10:07:13','2024-06-15 10:07:13'),(436,'32','Sumatera Barat','93','Bukittinggi','Kota','26115','2024-06-15 10:07:13','2024-06-15 10:07:13'),(437,'32','Sumatera Barat','116','Dharmasraya','Kabupaten','27612','2024-06-15 10:07:13','2024-06-15 10:07:13'),(438,'32','Sumatera Barat','186','Kepulauan Mentawai','Kabupaten','25771','2024-06-15 10:07:13','2024-06-15 10:07:13'),(439,'32','Sumatera Barat','236','Lima Puluh Koto/Kota','Kabupaten','26671','2024-06-15 10:07:13','2024-06-15 10:07:13'),(440,'32','Sumatera Barat','318','Padang','Kota','25112','2024-06-15 10:07:13','2024-06-15 10:07:13'),(441,'32','Sumatera Barat','321','Padang Panjang','Kota','27122','2024-06-15 10:07:13','2024-06-15 10:07:13'),(442,'32','Sumatera Barat','322','Padang Pariaman','Kabupaten','25583','2024-06-15 10:07:13','2024-06-15 10:07:13'),(443,'32','Sumatera Barat','337','Pariaman','Kota','25511','2024-06-15 10:07:13','2024-06-15 10:07:13'),(444,'32','Sumatera Barat','339','Pasaman','Kabupaten','26318','2024-06-15 10:07:13','2024-06-15 10:07:13'),(445,'32','Sumatera Barat','340','Pasaman Barat','Kabupaten','26511','2024-06-15 10:07:13','2024-06-15 10:07:13'),(446,'32','Sumatera Barat','345','Payakumbuh','Kota','26213','2024-06-15 10:07:13','2024-06-15 10:07:13'),(447,'32','Sumatera Barat','357','Pesisir Selatan','Kabupaten','25611','2024-06-15 10:07:13','2024-06-15 10:07:13'),(448,'32','Sumatera Barat','394','Sawah Lunto','Kota','27416','2024-06-15 10:07:13','2024-06-15 10:07:13'),(449,'32','Sumatera Barat','411','Sijunjung (Sawah Lunto Sijunjung)','Kabupaten','27511','2024-06-15 10:07:13','2024-06-15 10:07:13'),(450,'32','Sumatera Barat','420','Solok','Kabupaten','27365','2024-06-15 10:07:13','2024-06-15 10:07:13'),(451,'32','Sumatera Barat','421','Solok','Kota','27315','2024-06-15 10:07:13','2024-06-15 10:07:13'),(452,'32','Sumatera Barat','422','Solok Selatan','Kabupaten','27779','2024-06-15 10:07:13','2024-06-15 10:07:13'),(453,'32','Sumatera Barat','453','Tanah Datar','Kabupaten','27211','2024-06-15 10:07:13','2024-06-15 10:07:13'),(454,'33','Sumatera Selatan','40','Banyuasin','Kabupaten','30911','2024-06-15 10:07:14','2024-06-15 10:07:14'),(455,'33','Sumatera Selatan','121','Empat Lawang','Kabupaten','31811','2024-06-15 10:07:14','2024-06-15 10:07:14'),(456,'33','Sumatera Selatan','220','Lahat','Kabupaten','31419','2024-06-15 10:07:14','2024-06-15 10:07:14'),(457,'33','Sumatera Selatan','242','Lubuk Linggau','Kota','31614','2024-06-15 10:07:14','2024-06-15 10:07:14'),(458,'33','Sumatera Selatan','292','Muara Enim','Kabupaten','31315','2024-06-15 10:07:14','2024-06-15 10:07:14'),(459,'33','Sumatera Selatan','297','Musi Banyuasin','Kabupaten','30719','2024-06-15 10:07:14','2024-06-15 10:07:14'),(460,'33','Sumatera Selatan','298','Musi Rawas','Kabupaten','31661','2024-06-15 10:07:14','2024-06-15 10:07:14'),(461,'33','Sumatera Selatan','312','Ogan Ilir','Kabupaten','30811','2024-06-15 10:07:14','2024-06-15 10:07:14'),(462,'33','Sumatera Selatan','313','Ogan Komering Ilir','Kabupaten','30618','2024-06-15 10:07:14','2024-06-15 10:07:14'),(463,'33','Sumatera Selatan','314','Ogan Komering Ulu','Kabupaten','32112','2024-06-15 10:07:14','2024-06-15 10:07:14'),(464,'33','Sumatera Selatan','315','Ogan Komering Ulu Selatan','Kabupaten','32211','2024-06-15 10:07:14','2024-06-15 10:07:14'),(465,'33','Sumatera Selatan','316','Ogan Komering Ulu Timur','Kabupaten','32312','2024-06-15 10:07:14','2024-06-15 10:07:14'),(466,'33','Sumatera Selatan','324','Pagar Alam','Kota','31512','2024-06-15 10:07:14','2024-06-15 10:07:14'),(467,'33','Sumatera Selatan','327','Palembang','Kota','30111','2024-06-15 10:07:14','2024-06-15 10:07:14'),(468,'33','Sumatera Selatan','367','Prabumulih','Kota','31121','2024-06-15 10:07:14','2024-06-15 10:07:14'),(469,'34','Sumatera Utara','15','Asahan','Kabupaten','21214','2024-06-15 10:07:16','2024-06-15 10:07:16'),(470,'34','Sumatera Utara','52','Batu Bara','Kabupaten','21655','2024-06-15 10:07:16','2024-06-15 10:07:16'),(471,'34','Sumatera Utara','70','Binjai','Kota','20712','2024-06-15 10:07:16','2024-06-15 10:07:16'),(472,'34','Sumatera Utara','110','Dairi','Kabupaten','22211','2024-06-15 10:07:16','2024-06-15 10:07:16'),(473,'34','Sumatera Utara','112','Deli Serdang','Kabupaten','20511','2024-06-15 10:07:16','2024-06-15 10:07:16'),(474,'34','Sumatera Utara','137','Gunungsitoli','Kota','22813','2024-06-15 10:07:16','2024-06-15 10:07:16'),(475,'34','Sumatera Utara','146','Humbang Hasundutan','Kabupaten','22457','2024-06-15 10:07:16','2024-06-15 10:07:16'),(476,'34','Sumatera Utara','173','Karo','Kabupaten','22119','2024-06-15 10:07:16','2024-06-15 10:07:16'),(477,'34','Sumatera Utara','217','Labuhan Batu','Kabupaten','21412','2024-06-15 10:07:16','2024-06-15 10:07:16'),(478,'34','Sumatera Utara','218','Labuhan Batu Selatan','Kabupaten','21511','2024-06-15 10:07:16','2024-06-15 10:07:16'),(479,'34','Sumatera Utara','219','Labuhan Batu Utara','Kabupaten','21711','2024-06-15 10:07:16','2024-06-15 10:07:16'),(480,'34','Sumatera Utara','229','Langkat','Kabupaten','20811','2024-06-15 10:07:16','2024-06-15 10:07:16'),(481,'34','Sumatera Utara','268','Mandailing Natal','Kabupaten','22916','2024-06-15 10:07:16','2024-06-15 10:07:16'),(482,'34','Sumatera Utara','278','Medan','Kota','20228','2024-06-15 10:07:16','2024-06-15 10:07:16'),(483,'34','Sumatera Utara','307','Nias','Kabupaten','22876','2024-06-15 10:07:16','2024-06-15 10:07:16'),(484,'34','Sumatera Utara','308','Nias Barat','Kabupaten','22895','2024-06-15 10:07:16','2024-06-15 10:07:16'),(485,'34','Sumatera Utara','309','Nias Selatan','Kabupaten','22865','2024-06-15 10:07:16','2024-06-15 10:07:16'),(486,'34','Sumatera Utara','310','Nias Utara','Kabupaten','22856','2024-06-15 10:07:16','2024-06-15 10:07:16'),(487,'34','Sumatera Utara','319','Padang Lawas','Kabupaten','22763','2024-06-15 10:07:16','2024-06-15 10:07:16'),(488,'34','Sumatera Utara','320','Padang Lawas Utara','Kabupaten','22753','2024-06-15 10:07:16','2024-06-15 10:07:16'),(489,'34','Sumatera Utara','323','Padang Sidempuan','Kota','22727','2024-06-15 10:07:16','2024-06-15 10:07:16'),(490,'34','Sumatera Utara','325','Pakpak Bharat','Kabupaten','22272','2024-06-15 10:07:16','2024-06-15 10:07:16'),(491,'34','Sumatera Utara','353','Pematang Siantar','Kota','21126','2024-06-15 10:07:16','2024-06-15 10:07:16'),(492,'34','Sumatera Utara','389','Samosir','Kabupaten','22392','2024-06-15 10:07:16','2024-06-15 10:07:16'),(493,'34','Sumatera Utara','404','Serdang Bedagai','Kabupaten','20915','2024-06-15 10:07:16','2024-06-15 10:07:16'),(494,'34','Sumatera Utara','407','Sibolga','Kota','22522','2024-06-15 10:07:16','2024-06-15 10:07:16'),(495,'34','Sumatera Utara','413','Simalungun','Kabupaten','21162','2024-06-15 10:07:16','2024-06-15 10:07:16'),(496,'34','Sumatera Utara','459','Tanjung Balai','Kota','21321','2024-06-15 10:07:16','2024-06-15 10:07:16'),(497,'34','Sumatera Utara','463','Tapanuli Selatan','Kabupaten','22742','2024-06-15 10:07:16','2024-06-15 10:07:16'),(498,'34','Sumatera Utara','464','Tapanuli Tengah','Kabupaten','22611','2024-06-15 10:07:16','2024-06-15 10:07:16'),(499,'34','Sumatera Utara','465','Tapanuli Utara','Kabupaten','22414','2024-06-15 10:07:16','2024-06-15 10:07:16'),(500,'34','Sumatera Utara','470','Tebing Tinggi','Kota','20632','2024-06-15 10:07:16','2024-06-15 10:07:16'),(501,'34','Sumatera Utara','481','Toba Samosir','Kabupaten','22316','2024-06-15 10:07:16','2024-06-15 10:07:16');
/*!40000 ALTER TABLE `cities` ENABLE KEYS */;

--
-- Table structure for table `failed_jobs`
--

DROP TABLE IF EXISTS `failed_jobs`;
/*!40101 SET @saved_cs_client     = @@character_set_client */;
/*!50503 SET character_set_client = utf8mb4 */;
CREATE TABLE `failed_jobs` (
  `id` bigint unsigned NOT NULL AUTO_INCREMENT,
  `uuid` varchar(191) COLLATE utf8mb4_unicode_ci NOT NULL,
  `connection` text COLLATE utf8mb4_unicode_ci NOT NULL,
  `queue` text COLLATE utf8mb4_unicode_ci NOT NULL,
  `payload` longtext COLLATE utf8mb4_unicode_ci NOT NULL,
  `exception` longtext COLLATE utf8mb4_unicode_ci NOT NULL,
  `failed_at` timestamp NOT NULL DEFAULT CURRENT_TIMESTAMP,
  PRIMARY KEY (`id`),
  UNIQUE KEY `failed_jobs_uuid_unique` (`uuid`)
) ENGINE=InnoDB DEFAULT CHARSET=utf8mb4 COLLATE=utf8mb4_unicode_ci;
/*!40101 SET character_set_client = @saved_cs_client */;

--
-- Dumping data for table `failed_jobs`
--

/*!40000 ALTER TABLE `failed_jobs` DISABLE KEYS */;
/*!40000 ALTER TABLE `failed_jobs` ENABLE KEYS */;

--
-- Table structure for table `migrations`
--

DROP TABLE IF EXISTS `migrations`;
/*!40101 SET @saved_cs_client     = @@character_set_client */;
/*!50503 SET character_set_client = utf8mb4 */;
CREATE TABLE `migrations` (
  `id` int unsigned NOT NULL AUTO_INCREMENT,
  `migration` varchar(191) COLLATE utf8mb4_unicode_ci NOT NULL,
  `batch` int NOT NULL,
  PRIMARY KEY (`id`)
) ENGINE=InnoDB AUTO_INCREMENT=24 DEFAULT CHARSET=utf8mb4 COLLATE=utf8mb4_unicode_ci;
/*!40101 SET character_set_client = @saved_cs_client */;

--
-- Dumping data for table `migrations`
--

/*!40000 ALTER TABLE `migrations` DISABLE KEYS */;
INSERT INTO `migrations` VALUES (1,'2014_10_12_000000_create_users_table',1),(2,'2014_10_12_100000_create_password_reset_tokens_table',1),(3,'2019_08_19_000000_create_failed_jobs_table',1),(4,'2019_12_14_000001_create_personal_access_tokens_table',1),(5,'2023_09_30_150241_create_categories_table',1),(6,'2023_09_30_150316_create_stores_table',1),(7,'2023_09_30_150529_create_store_categories_table',1),(8,'2023_09_30_150618_create_store_banners_table',1),(9,'2023_09_30_150719_create_products_table',1),(10,'2023_09_30_150927_create_product_images_table',1),(11,'2023_09_30_151311_create_variant_types_table',1),(12,'2023_09_30_151336_create_variant_options_table',1),(13,'2023_09_30_151436_create_product_variants_table',1),(14,'2023_09_30_151512_create_product_variant_variant_option_table',1),(15,'2023_09_30_151525_create_transactions_table',1),(16,'2023_09_30_151530_create_withdraws_table',1),(17,'2023_09_30_151600_create_orders_table',1),(18,'2023_09_30_151606_create_order_items_table',1),(19,'2023_09_30_151610_create_reviews_table',1),(20,'2023_12_08_174554_create_provinces_table',1),(21,'2023_12_08_183214_create_cities_table',1),(22,'2024_01_29_102128_create_cache_table',1),(23,'2024_03_07_225900_create_notifications_table',1);
/*!40000 ALTER TABLE `migrations` ENABLE KEYS */;

--
-- Table structure for table `notifications`
--

DROP TABLE IF EXISTS `notifications`;
/*!40101 SET @saved_cs_client     = @@character_set_client */;
/*!50503 SET character_set_client = utf8mb4 */;
CREATE TABLE `notifications` (
  `id` char(36) COLLATE utf8mb4_unicode_ci NOT NULL,
  `type` varchar(191) COLLATE utf8mb4_unicode_ci NOT NULL,
  `notifiable_type` varchar(191) COLLATE utf8mb4_unicode_ci NOT NULL,
  `notifiable_id` bigint unsigned NOT NULL,
  `data` text COLLATE utf8mb4_unicode_ci NOT NULL,
  `read_at` timestamp NULL DEFAULT NULL,
  `created_at` timestamp NULL DEFAULT NULL,
  `updated_at` timestamp NULL DEFAULT NULL,
  PRIMARY KEY (`id`),
  KEY `notifications_notifiable_type_notifiable_id_index` (`notifiable_type`,`notifiable_id`)
) ENGINE=InnoDB DEFAULT CHARSET=utf8mb4 COLLATE=utf8mb4_unicode_ci;
/*!40101 SET character_set_client = @saved_cs_client */;

--
-- Dumping data for table `notifications`
--

/*!40000 ALTER TABLE `notifications` DISABLE KEYS */;
INSERT INTO `notifications` VALUES ('021db0e1-3b4a-4f16-8c48-1e3194ff0314','App\\Notifications\\OrderUpdate','App\\Models\\User',2,'{\"order_id\":\"25\",\"notif_type\":\"order-update\",\"title\":\"Pesanan Dibayar\",\"body\":\"Pesanan dengan nomor pesanan 2024070242028952125 telah dibayar oleh pembeli\",\"action_url\":\"http:\\/\\/127.0.0.1:8181\\/user\\/orders\"}',NULL,'2024-07-02 04:46:10','2024-07-02 04:46:10'),('2359f95a-0fe5-4fda-b0ac-12491d46023b','App\\Notifications\\OrderUpdate','App\\Models\\User',2,'{\"order_id\":\"25\",\"notif_type\":\"order-update\",\"title\":\"Pesanan Dibuat\",\"body\":\"Pesanan baru telah dibuat dengan nomor pesanan 2024070242028952125\",\"action_url\":\"http:\\/\\/127.0.0.1:8181\\/user\\/orders\"}',NULL,'2024-07-02 04:40:29','2024-07-02 04:40:29'),('96ccaf72-d6e6-4b20-b0bd-86495b0ecd2f','App\\Notifications\\OrderUpdate','App\\Models\\User',2,'{\"order_id\":\"26\",\"notif_type\":\"order-update\",\"title\":\"Pesanan Dibuat\",\"body\":\"Pesanan baru telah dibuat dengan nomor pesanan 2024072661335050526\",\"action_url\":\"http:\\/\\/127.0.0.1:8181\\/user\\/orders\"}',NULL,'2024-07-26 10:02:15','2024-07-26 10:02:15'),('a8cba710-9461-45a2-866b-59b9021680e3','App\\Notifications\\OrderUpdate','App\\Models\\User',12,'{\"order_id\":\"26\",\"notif_type\":\"order-update\",\"title\":\"Pesanan Dibuat\",\"body\":\"Pesanan baru telah dibuat dengan nomor pesanan 2024072661335050526\",\"action_url\":\"http:\\/\\/127.0.0.1:8181\\/seller\\/orders\\/2024072661335050526\"}',NULL,'2024-07-26 10:02:18','2024-07-26 10:02:18'),('c134ea18-d55b-451b-8a72-bceabea3cec7','App\\Notifications\\OrderUpdate','App\\Models\\User',2,'{\"order_id\":\"25\",\"notif_type\":\"order-update\",\"title\":\"Pesanan Dibatalkan\",\"body\":\"Pesanan dengan nomor pesanan 2024070242028952125 dibatalkan\",\"action_url\":\"http:\\/\\/127.0.0.1:8181\\/user\\/orders\"}',NULL,'2024-07-02 04:47:36','2024-07-02 04:47:36'),('c1d65a6d-4baa-4a55-b27d-2aeead5d39e7','App\\Notifications\\OrderUpdate','App\\Models\\User',4,'{\"order_id\":\"25\",\"notif_type\":\"order-update\",\"title\":\"Pesanan Dibuat\",\"body\":\"Pesanan baru telah dibuat dengan nomor pesanan 2024070242028952125\",\"action_url\":\"http:\\/\\/127.0.0.1:8181\\/seller\\/orders\\/2024070242028952125\"}',NULL,'2024-07-02 04:40:32','2024-07-02 04:40:32'),('cf1fceb3-4337-4cc7-9658-194a36a8ce6d','App\\Notifications\\OrderUpdate','App\\Models\\User',4,'{\"order_id\":\"25\",\"notif_type\":\"order-update\",\"title\":\"Pesanan Dibatalkan\",\"body\":\"Pesanan dengan nomor pesanan 2024070242028952125 dibatalkan\",\"action_url\":\"http:\\/\\/127.0.0.1:8181\\/seller\\/orders\\/2024070242028952125\"}',NULL,'2024-07-02 04:47:39','2024-07-02 04:47:39'),('d85ec536-ae46-41d7-b3f6-db6f4f899ddb','App\\Notifications\\OrderUpdate','App\\Models\\User',4,'{\"order_id\":\"25\",\"notif_type\":\"order-update\",\"title\":\"Pesanan Dibayar\",\"body\":\"Pesanan dengan nomor pesanan 2024070242028952125 telah dibayar oleh pembeli\",\"action_url\":\"http:\\/\\/127.0.0.1:8181\\/seller\\/orders\\/2024070242028952125\"}',NULL,'2024-07-02 04:46:15','2024-07-02 04:46:15'),('f9ebacaa-7e72-4513-bcfa-455a622654e8','App\\Notifications\\OrderUpdate','App\\Models\\User',12,'{\"order_id\":\"27\",\"notif_type\":\"order-update\",\"title\":\"Pesanan Dibuat\",\"body\":\"Pesanan baru telah dibuat dengan nomor pesanan 2024072661545850527\",\"action_url\":\"http:\\/\\/127.0.0.1:8181\\/seller\\/orders\\/2024072661545850527\"}',NULL,'2024-07-26 10:05:49','2024-07-26 10:05:49'),('fa07d0d6-3df1-48bb-a88d-a335f91a2164','App\\Notifications\\OrderUpdate','App\\Models\\User',2,'{\"order_id\":\"27\",\"notif_type\":\"order-update\",\"title\":\"Pesanan Dibuat\",\"body\":\"Pesanan baru telah dibuat dengan nomor pesanan 2024072661545850527\",\"action_url\":\"http:\\/\\/127.0.0.1:8181\\/user\\/orders\"}',NULL,'2024-07-26 10:05:46','2024-07-26 10:05:46');
/*!40000 ALTER TABLE `notifications` ENABLE KEYS */;

--
-- Table structure for table `order_items`
--

DROP TABLE IF EXISTS `order_items`;
/*!40101 SET @saved_cs_client     = @@character_set_client */;
/*!50503 SET character_set_client = utf8mb4 */;
CREATE TABLE `order_items` (
  `id` bigint unsigned NOT NULL AUTO_INCREMENT,
  `quantity` int NOT NULL,
  `product_id` bigint unsigned NOT NULL,
  `product_variant_id` bigint unsigned DEFAULT NULL,
  `order_id` bigint unsigned NOT NULL,
  `created_at` timestamp NULL DEFAULT NULL,
  `updated_at` timestamp NULL DEFAULT NULL,
  PRIMARY KEY (`id`),
  KEY `order_items_product_id_foreign` (`product_id`),
  KEY `order_items_product_variant_id_foreign` (`product_variant_id`),
  KEY `order_items_order_id_foreign` (`order_id`),
  CONSTRAINT `order_items_order_id_foreign` FOREIGN KEY (`order_id`) REFERENCES `orders` (`id`) ON DELETE CASCADE,
  CONSTRAINT `order_items_product_id_foreign` FOREIGN KEY (`product_id`) REFERENCES `products` (`id`) ON DELETE CASCADE,
  CONSTRAINT `order_items_product_variant_id_foreign` FOREIGN KEY (`product_variant_id`) REFERENCES `product_variants` (`id`) ON DELETE SET NULL
) ENGINE=InnoDB AUTO_INCREMENT=28 DEFAULT CHARSET=utf8mb4 COLLATE=utf8mb4_unicode_ci;
/*!40101 SET character_set_client = @saved_cs_client */;

--
-- Dumping data for table `order_items`
--

/*!40000 ALTER TABLE `order_items` DISABLE KEYS */;
INSERT INTO `order_items` VALUES (1,2,1,2,1,'2024-06-04 13:00:17','2024-06-04 13:00:17'),(2,1,1,3,2,'2024-06-05 13:00:17','2024-06-05 13:00:17'),(3,2,1,3,3,'2024-06-15 13:00:17','2024-06-15 13:00:17'),(4,3,2,6,4,'2024-06-15 02:00:17','2024-06-15 02:00:17'),(5,3,3,7,5,'2024-06-12 04:00:17','2024-06-12 04:00:17'),(6,2,3,7,6,'2024-06-10 04:00:17','2024-06-10 04:00:17'),(7,3,3,9,7,'2024-06-07 04:00:17','2024-06-07 04:00:17'),(8,2,4,14,8,'2024-06-05 19:00:17','2024-06-05 19:00:17'),(9,1,4,19,9,'2024-06-12 19:00:17','2024-06-12 19:00:17'),(10,1,4,16,10,'2024-06-14 19:00:17','2024-06-14 19:00:17'),(11,1,5,30,11,'2024-06-08 14:00:17','2024-06-08 14:00:17'),(12,2,5,32,12,'2024-06-08 14:00:17','2024-06-08 14:00:17'),(13,1,5,27,13,'2024-06-06 14:00:17','2024-06-06 14:00:17'),(14,1,5,25,14,'2024-06-02 14:00:17','2024-06-02 14:00:17'),(15,3,6,36,15,'2024-06-05 21:00:17','2024-06-05 21:00:17'),(16,1,6,35,16,'2024-06-13 21:00:17','2024-06-13 21:00:17'),(17,3,7,41,17,'2024-06-13 12:00:17','2024-06-13 12:00:17'),(18,3,8,50,18,'2024-06-15 07:00:17','2024-06-15 07:00:17'),(19,3,8,50,19,'2024-06-11 07:00:17','2024-06-11 07:00:17'),(20,3,9,62,20,'2024-06-15 04:00:17','2024-06-15 04:00:17'),(21,2,9,54,21,'2024-06-15 04:00:17','2024-06-15 04:00:17'),(22,2,10,67,22,'2024-06-15 06:00:17','2024-06-15 06:00:17'),(23,2,10,70,23,'2024-06-15 06:00:17','2024-06-15 06:00:17'),(24,3,10,64,24,'2024-06-15 06:00:17','2024-06-15 06:00:17'),(25,25,1,2,25,'2024-07-02 04:40:32','2024-07-02 04:40:32'),(26,1,3,7,26,'2024-07-26 10:02:19','2024-07-26 10:02:19'),(27,2,8,50,27,'2024-07-26 10:05:50','2024-07-26 10:05:50');
/*!40000 ALTER TABLE `order_items` ENABLE KEYS */;

--
-- Table structure for table `orders`
--

DROP TABLE IF EXISTS `orders`;
/*!40101 SET @saved_cs_client     = @@character_set_client */;
/*!50503 SET character_set_client = utf8mb4 */;
CREATE TABLE `orders` (
  `id` bigint unsigned NOT NULL AUTO_INCREMENT,
  `order_number` varchar(191) COLLATE utf8mb4_unicode_ci NOT NULL,
  `total` double(10,2) NOT NULL,
  `order_status` enum('UNPAID','PAID','PROCESSED','SHIPPED','DELIVERED','COMPLETED','CANCELED') COLLATE utf8mb4_unicode_ci NOT NULL,
  `shipping_days_estimate` int DEFAULT NULL,
  `accept_deadline` datetime DEFAULT NULL,
  `shipping_deadline` datetime DEFAULT NULL,
  `deliver_deadline` datetime DEFAULT NULL,
  `recieve_deadline` datetime DEFAULT NULL,
  `paid_at` datetime DEFAULT NULL,
  `accepted_at` datetime DEFAULT NULL,
  `shipped_at` datetime DEFAULT NULL,
  `delivered_at` datetime DEFAULT NULL,
  `completed_at` datetime DEFAULT NULL,
  `canceled_at` datetime DEFAULT NULL,
  `cancel_reason` varchar(191) COLLATE utf8mb4_unicode_ci DEFAULT NULL,
  `shipping_tracking_number` varchar(191) COLLATE utf8mb4_unicode_ci DEFAULT NULL,
  `shipping_status` varchar(191) COLLATE utf8mb4_unicode_ci NOT NULL,
  `shipping_courier` varchar(191) COLLATE utf8mb4_unicode_ci NOT NULL,
  `shipping_history` json DEFAULT NULL,
  `reciever_name` varchar(191) COLLATE utf8mb4_unicode_ci NOT NULL,
  `reciever_phone` varchar(191) COLLATE utf8mb4_unicode_ci NOT NULL,
  `delivery_address` varchar(191) COLLATE utf8mb4_unicode_ci NOT NULL,
  `delivery_province_id` varchar(191) COLLATE utf8mb4_unicode_ci NOT NULL,
  `delivery_city_id` varchar(191) COLLATE utf8mb4_unicode_ci NOT NULL,
  `delivery_province` varchar(191) COLLATE utf8mb4_unicode_ci NOT NULL,
  `delivery_city` varchar(191) COLLATE utf8mb4_unicode_ci NOT NULL,
  `delivery_postal_code` varchar(191) COLLATE utf8mb4_unicode_ci NOT NULL,
  `delivery_service` varchar(191) COLLATE utf8mb4_unicode_ci NOT NULL,
  `delivery_cost` double(10,2) NOT NULL,
  `is_withdrew` tinyint(1) NOT NULL,
  `user_id` bigint unsigned DEFAULT NULL,
  `store_id` bigint unsigned DEFAULT NULL,
  `transaction_id` bigint unsigned DEFAULT NULL,
  `withdraw_id` bigint unsigned DEFAULT NULL,
  `created_at` timestamp NULL DEFAULT NULL,
  `updated_at` timestamp NULL DEFAULT NULL,
  PRIMARY KEY (`id`),
  UNIQUE KEY `orders_order_number_unique` (`order_number`),
  KEY `orders_user_id_foreign` (`user_id`),
  KEY `orders_store_id_foreign` (`store_id`),
  KEY `orders_transaction_id_foreign` (`transaction_id`),
  KEY `orders_withdraw_id_foreign` (`withdraw_id`),
  CONSTRAINT `orders_store_id_foreign` FOREIGN KEY (`store_id`) REFERENCES `stores` (`id`) ON DELETE SET NULL,
  CONSTRAINT `orders_transaction_id_foreign` FOREIGN KEY (`transaction_id`) REFERENCES `transactions` (`id`) ON DELETE SET NULL,
  CONSTRAINT `orders_user_id_foreign` FOREIGN KEY (`user_id`) REFERENCES `users` (`id`) ON DELETE SET NULL,
  CONSTRAINT `orders_withdraw_id_foreign` FOREIGN KEY (`withdraw_id`) REFERENCES `withdraws` (`id`) ON DELETE SET NULL
) ENGINE=InnoDB AUTO_INCREMENT=28 DEFAULT CHARSET=utf8mb4 COLLATE=utf8mb4_unicode_ci;
/*!40101 SET character_set_client = @saved_cs_client */;

--
-- Dumping data for table `orders`
--

/*!40000 ALTER TABLE `orders` DISABLE KEYS */;
INSERT INTO `orders` VALUES (1,'202406047201734511',2312000.00,'COMPLETED',NULL,NULL,NULL,NULL,NULL,'2024-06-05 20:00:17','2024-06-06 20:00:17','2024-06-07 20:00:17','2024-06-08 20:00:17','2024-06-09 20:00:17',NULL,NULL,'3873645424','DELIVERED','jne','\"[\\n                            {\\n                              \\\"date\\\": \\\"2024-01-17 10:42:00\\\",\\n                              \\\"desc\\\": \\\"PAKET DITERIMA OLEH [BU WASIH - (KEL) KELUARGA SERUMAH]\\\",\\n                              \\\"location\\\": \\\"\\\"\\n                            },\\n                            {\\n                              \\\"date\\\": \\\"2024-01-17 08:18:00\\\",\\n                              \\\"desc\\\": \\\"PAKET DIBAWA [SIGESIT - M IRFAN ARIF]\\\",\\n                              \\\"location\\\": \\\"\\\"\\n                            },\\n                            {\\n                              \\\"date\\\": \\\"2024-01-17 08:16:00\\\",\\n                              \\\"desc\\\": \\\"PAKET TELAH DI TERIMA DI MOJOKERTO [DAWAR]\\\",\\n                              \\\"location\\\": \\\"\\\"\\n                            },\\n                            {\\n                              \\\"date\\\": \\\"2024-01-16 20:33:00\\\",\\n                              \\\"desc\\\": \\\"PAKET KELUAR DARI SIDOARJO [SURABAYA SORTATION]\\\",\\n                              \\\"location\\\": \\\"\\\"\\n                            },\\n                            {\\n                              \\\"date\\\": \\\"2024-01-16 04:39:00\\\",\\n                              \\\"desc\\\": \\\"PAKET TELAH DI TERIMA DI SIDOARJO [SURABAYA SORTATION]\\\",\\n                              \\\"location\\\": \\\"\\\"\\n                            },\\n                            {\\n                              \\\"date\\\": \\\"2024-01-16 03:38:00\\\",\\n                              \\\"desc\\\": \\\"PAKET KELUAR DARI SURABAYA [SURABAYA MARGOMULYO]\\\",\\n                              \\\"location\\\": \\\"\\\"\\n                            },\\n                            {\\n                              \\\"date\\\": \\\"2024-01-15 18:59:00\\\",\\n                              \\\"desc\\\": \\\"PAKET TELAH DI INPUT (MANIFESTED) DI SURABAYA [SURABAYA MARGOMULYO]\\\",\\n                              \\\"location\\\": \\\"\\\"\\n                            }\\n                          ]\"','Paiman Ajimat Setiawan','0629 7703 6196','Jln. Acordion No. 41, Solok 38260, Kalteng','25','449','Papua Barat','Tambrauw','98475','OKE',20000.00,0,8,1,1,NULL,'2024-06-04 13:00:17','2024-06-09 13:00:17'),(2,'202406057201735712',1166000.00,'COMPLETED',NULL,NULL,NULL,NULL,NULL,'2024-06-06 20:00:17','2024-06-07 20:00:17','2024-06-08 20:00:17','2024-06-09 20:00:17','2024-06-10 20:00:17',NULL,NULL,'3918338657','DELIVERED','jne','\"[\\n                            {\\n                              \\\"date\\\": \\\"2024-01-17 10:42:00\\\",\\n                              \\\"desc\\\": \\\"PAKET DITERIMA OLEH [BU WASIH - (KEL) KELUARGA SERUMAH]\\\",\\n                              \\\"location\\\": \\\"\\\"\\n                            },\\n                            {\\n                              \\\"date\\\": \\\"2024-01-17 08:18:00\\\",\\n                              \\\"desc\\\": \\\"PAKET DIBAWA [SIGESIT - M IRFAN ARIF]\\\",\\n                              \\\"location\\\": \\\"\\\"\\n                            },\\n                            {\\n                              \\\"date\\\": \\\"2024-01-17 08:16:00\\\",\\n                              \\\"desc\\\": \\\"PAKET TELAH DI TERIMA DI MOJOKERTO [DAWAR]\\\",\\n                              \\\"location\\\": \\\"\\\"\\n                            },\\n                            {\\n                              \\\"date\\\": \\\"2024-01-16 20:33:00\\\",\\n                              \\\"desc\\\": \\\"PAKET KELUAR DARI SIDOARJO [SURABAYA SORTATION]\\\",\\n                              \\\"location\\\": \\\"\\\"\\n                            },\\n                            {\\n                              \\\"date\\\": \\\"2024-01-16 04:39:00\\\",\\n                              \\\"desc\\\": \\\"PAKET TELAH DI TERIMA DI SIDOARJO [SURABAYA SORTATION]\\\",\\n                              \\\"location\\\": \\\"\\\"\\n                            },\\n                            {\\n                              \\\"date\\\": \\\"2024-01-16 03:38:00\\\",\\n                              \\\"desc\\\": \\\"PAKET KELUAR DARI SURABAYA [SURABAYA MARGOMULYO]\\\",\\n                              \\\"location\\\": \\\"\\\"\\n                            },\\n                            {\\n                              \\\"date\\\": \\\"2024-01-15 18:59:00\\\",\\n                              \\\"desc\\\": \\\"PAKET TELAH DI INPUT (MANIFESTED) DI SURABAYA [SURABAYA MARGOMULYO]\\\",\\n                              \\\"location\\\": \\\"\\\"\\n                            }\\n                          ]\"','Enteng Raden Marpaung','0507 4190 005','Gg. Sentot Alibasa No. 996, Dumai 43927, Sultra','23','412','Nusa Tenggara Timur (NTT)','Sikka','86121','OKE',20000.00,0,1,1,2,NULL,'2024-06-05 13:00:17','2024-06-10 13:00:17'),(3,'202406157201736113',2312000.00,'COMPLETED',NULL,NULL,NULL,NULL,NULL,'2024-06-16 20:00:17','2024-06-17 20:00:17','2024-06-18 20:00:17','2024-06-19 20:00:17','2024-06-20 20:00:17',NULL,NULL,'3605631142','DELIVERED','jne','\"[\\n                            {\\n                              \\\"date\\\": \\\"2024-01-17 10:42:00\\\",\\n                              \\\"desc\\\": \\\"PAKET DITERIMA OLEH [BU WASIH - (KEL) KELUARGA SERUMAH]\\\",\\n                              \\\"location\\\": \\\"\\\"\\n                            },\\n                            {\\n                              \\\"date\\\": \\\"2024-01-17 08:18:00\\\",\\n                              \\\"desc\\\": \\\"PAKET DIBAWA [SIGESIT - M IRFAN ARIF]\\\",\\n                              \\\"location\\\": \\\"\\\"\\n                            },\\n                            {\\n                              \\\"date\\\": \\\"2024-01-17 08:16:00\\\",\\n                              \\\"desc\\\": \\\"PAKET TELAH DI TERIMA DI MOJOKERTO [DAWAR]\\\",\\n                              \\\"location\\\": \\\"\\\"\\n                            },\\n                            {\\n                              \\\"date\\\": \\\"2024-01-16 20:33:00\\\",\\n                              \\\"desc\\\": \\\"PAKET KELUAR DARI SIDOARJO [SURABAYA SORTATION]\\\",\\n                              \\\"location\\\": \\\"\\\"\\n                            },\\n                            {\\n                              \\\"date\\\": \\\"2024-01-16 04:39:00\\\",\\n                              \\\"desc\\\": \\\"PAKET TELAH DI TERIMA DI SIDOARJO [SURABAYA SORTATION]\\\",\\n                              \\\"location\\\": \\\"\\\"\\n                            },\\n                            {\\n                              \\\"date\\\": \\\"2024-01-16 03:38:00\\\",\\n                              \\\"desc\\\": \\\"PAKET KELUAR DARI SURABAYA [SURABAYA MARGOMULYO]\\\",\\n                              \\\"location\\\": \\\"\\\"\\n                            },\\n                            {\\n                              \\\"date\\\": \\\"2024-01-15 18:59:00\\\",\\n                              \\\"desc\\\": \\\"PAKET TELAH DI INPUT (MANIFESTED) DI SURABAYA [SURABAYA MARGOMULYO]\\\",\\n                              \\\"location\\\": \\\"\\\"\\n                            }\\n                          ]\"','Kani Sudiati','024 4576 692','Psr. Baik No. 870, Banjar 63887, DKI','34','217','Sumatera Utara','Labuhan Batu','21412','OKE',20000.00,0,7,1,3,NULL,'2024-06-15 13:00:17','2024-06-20 13:00:17'),(4,'202406153241737124',5666000.00,'COMPLETED',NULL,NULL,NULL,NULL,NULL,'2024-06-16 09:00:17','2024-06-17 09:00:17','2024-06-18 09:00:17','2024-06-19 09:00:17','2024-06-20 09:00:17',NULL,NULL,'5239465797','DELIVERED','jne','\"[\\n                            {\\n                              \\\"date\\\": \\\"2024-01-17 10:42:00\\\",\\n                              \\\"desc\\\": \\\"PAKET DITERIMA OLEH [BU WASIH - (KEL) KELUARGA SERUMAH]\\\",\\n                              \\\"location\\\": \\\"\\\"\\n                            },\\n                            {\\n                              \\\"date\\\": \\\"2024-01-17 08:18:00\\\",\\n                              \\\"desc\\\": \\\"PAKET DIBAWA [SIGESIT - M IRFAN ARIF]\\\",\\n                              \\\"location\\\": \\\"\\\"\\n                            },\\n                            {\\n                              \\\"date\\\": \\\"2024-01-17 08:16:00\\\",\\n                              \\\"desc\\\": \\\"PAKET TELAH DI TERIMA DI MOJOKERTO [DAWAR]\\\",\\n                              \\\"location\\\": \\\"\\\"\\n                            },\\n                            {\\n                              \\\"date\\\": \\\"2024-01-16 20:33:00\\\",\\n                              \\\"desc\\\": \\\"PAKET KELUAR DARI SIDOARJO [SURABAYA SORTATION]\\\",\\n                              \\\"location\\\": \\\"\\\"\\n                            },\\n                            {\\n                              \\\"date\\\": \\\"2024-01-16 04:39:00\\\",\\n                              \\\"desc\\\": \\\"PAKET TELAH DI TERIMA DI SIDOARJO [SURABAYA SORTATION]\\\",\\n                              \\\"location\\\": \\\"\\\"\\n                            },\\n                            {\\n                              \\\"date\\\": \\\"2024-01-16 03:38:00\\\",\\n                              \\\"desc\\\": \\\"PAKET KELUAR DARI SURABAYA [SURABAYA MARGOMULYO]\\\",\\n                              \\\"location\\\": \\\"\\\"\\n                            },\\n                            {\\n                              \\\"date\\\": \\\"2024-01-15 18:59:00\\\",\\n                              \\\"desc\\\": \\\"PAKET TELAH DI INPUT (MANIFESTED) DI SURABAYA [SURABAYA MARGOMULYO]\\\",\\n                              \\\"location\\\": \\\"\\\"\\n                            }\\n                          ]\"','Cakrabirawa Jefri Haryanto','(+62) 529 2427 169','Ki. Gegerkalong Hilir No. 619, Palopo 31628, Kepri','16','311','Kalimantan Utara','Nunukan','77421','OKE',20000.00,0,1,2,4,NULL,'2024-06-15 02:00:17','2024-06-20 02:00:17'),(5,'202406123961738355',2315000.00,'COMPLETED',NULL,NULL,NULL,NULL,NULL,'2024-06-13 11:00:17','2024-06-14 11:00:17','2024-06-15 11:00:17','2024-06-16 11:00:17','2024-06-17 11:00:17',NULL,NULL,'8210783327','DELIVERED','jne','\"[\\n                            {\\n                              \\\"date\\\": \\\"2024-01-17 10:42:00\\\",\\n                              \\\"desc\\\": \\\"PAKET DITERIMA OLEH [BU WASIH - (KEL) KELUARGA SERUMAH]\\\",\\n                              \\\"location\\\": \\\"\\\"\\n                            },\\n                            {\\n                              \\\"date\\\": \\\"2024-01-17 08:18:00\\\",\\n                              \\\"desc\\\": \\\"PAKET DIBAWA [SIGESIT - M IRFAN ARIF]\\\",\\n                              \\\"location\\\": \\\"\\\"\\n                            },\\n                            {\\n                              \\\"date\\\": \\\"2024-01-17 08:16:00\\\",\\n                              \\\"desc\\\": \\\"PAKET TELAH DI TERIMA DI MOJOKERTO [DAWAR]\\\",\\n                              \\\"location\\\": \\\"\\\"\\n                            },\\n                            {\\n                              \\\"date\\\": \\\"2024-01-16 20:33:00\\\",\\n                              \\\"desc\\\": \\\"PAKET KELUAR DARI SIDOARJO [SURABAYA SORTATION]\\\",\\n                              \\\"location\\\": \\\"\\\"\\n                            },\\n                            {\\n                              \\\"date\\\": \\\"2024-01-16 04:39:00\\\",\\n                              \\\"desc\\\": \\\"PAKET TELAH DI TERIMA DI SIDOARJO [SURABAYA SORTATION]\\\",\\n                              \\\"location\\\": \\\"\\\"\\n                            },\\n                            {\\n                              \\\"date\\\": \\\"2024-01-16 03:38:00\\\",\\n                              \\\"desc\\\": \\\"PAKET KELUAR DARI SURABAYA [SURABAYA MARGOMULYO]\\\",\\n                              \\\"location\\\": \\\"\\\"\\n                            },\\n                            {\\n                              \\\"date\\\": \\\"2024-01-15 18:59:00\\\",\\n                              \\\"desc\\\": \\\"PAKET TELAH DI INPUT (MANIFESTED) DI SURABAYA [SURABAYA MARGOMULYO]\\\",\\n                              \\\"location\\\": \\\"\\\"\\n                            }\\n                          ]\"','Dinda Agnes Yuniar S.Gz','(+62) 917 5972 909','Psr. Otto No. 330, Surabaya 91057, Papua','10','344','Jawa Tengah','Pati','59114','OKE',20000.00,0,7,5,5,NULL,'2024-06-12 04:00:17','2024-06-17 04:00:17'),(6,'202406103961738856',1550000.00,'COMPLETED',NULL,NULL,NULL,NULL,NULL,'2024-06-11 11:00:17','2024-06-12 11:00:17','2024-06-13 11:00:17','2024-06-14 11:00:17','2024-06-15 11:00:17',NULL,NULL,'2359673408','DELIVERED','jne','\"[\\n                            {\\n                              \\\"date\\\": \\\"2024-01-17 10:42:00\\\",\\n                              \\\"desc\\\": \\\"PAKET DITERIMA OLEH [BU WASIH - (KEL) KELUARGA SERUMAH]\\\",\\n                              \\\"location\\\": \\\"\\\"\\n                            },\\n                            {\\n                              \\\"date\\\": \\\"2024-01-17 08:18:00\\\",\\n                              \\\"desc\\\": \\\"PAKET DIBAWA [SIGESIT - M IRFAN ARIF]\\\",\\n                              \\\"location\\\": \\\"\\\"\\n                            },\\n                            {\\n                              \\\"date\\\": \\\"2024-01-17 08:16:00\\\",\\n                              \\\"desc\\\": \\\"PAKET TELAH DI TERIMA DI MOJOKERTO [DAWAR]\\\",\\n                              \\\"location\\\": \\\"\\\"\\n                            },\\n                            {\\n                              \\\"date\\\": \\\"2024-01-16 20:33:00\\\",\\n                              \\\"desc\\\": \\\"PAKET KELUAR DARI SIDOARJO [SURABAYA SORTATION]\\\",\\n                              \\\"location\\\": \\\"\\\"\\n                            },\\n                            {\\n                              \\\"date\\\": \\\"2024-01-16 04:39:00\\\",\\n                              \\\"desc\\\": \\\"PAKET TELAH DI TERIMA DI SIDOARJO [SURABAYA SORTATION]\\\",\\n                              \\\"location\\\": \\\"\\\"\\n                            },\\n                            {\\n                              \\\"date\\\": \\\"2024-01-16 03:38:00\\\",\\n                              \\\"desc\\\": \\\"PAKET KELUAR DARI SURABAYA [SURABAYA MARGOMULYO]\\\",\\n                              \\\"location\\\": \\\"\\\"\\n                            },\\n                            {\\n                              \\\"date\\\": \\\"2024-01-15 18:59:00\\\",\\n                              \\\"desc\\\": \\\"PAKET TELAH DI INPUT (MANIFESTED) DI SURABAYA [SURABAYA MARGOMULYO]\\\",\\n                              \\\"location\\\": \\\"\\\"\\n                            }\\n                          ]\"','Faizah Mandasari S.Kom','0713 3403 544','Ds. Baja No. 249, Medan 54913, Kalbar','21','4','Nanggroe Aceh Darussalam (NAD)','Aceh Jaya','23654','OKE',20000.00,0,8,5,6,NULL,'2024-06-10 04:00:17','2024-06-15 04:00:17'),(7,'202406073961739357',2315000.00,'COMPLETED',NULL,NULL,NULL,NULL,NULL,'2024-06-08 11:00:17','2024-06-09 11:00:17','2024-06-10 11:00:17','2024-06-11 11:00:17','2024-06-12 11:00:17',NULL,NULL,'560810188X','DELIVERED','jne','\"[\\n                            {\\n                              \\\"date\\\": \\\"2024-01-17 10:42:00\\\",\\n                              \\\"desc\\\": \\\"PAKET DITERIMA OLEH [BU WASIH - (KEL) KELUARGA SERUMAH]\\\",\\n                              \\\"location\\\": \\\"\\\"\\n                            },\\n                            {\\n                              \\\"date\\\": \\\"2024-01-17 08:18:00\\\",\\n                              \\\"desc\\\": \\\"PAKET DIBAWA [SIGESIT - M IRFAN ARIF]\\\",\\n                              \\\"location\\\": \\\"\\\"\\n                            },\\n                            {\\n                              \\\"date\\\": \\\"2024-01-17 08:16:00\\\",\\n                              \\\"desc\\\": \\\"PAKET TELAH DI TERIMA DI MOJOKERTO [DAWAR]\\\",\\n                              \\\"location\\\": \\\"\\\"\\n                            },\\n                            {\\n                              \\\"date\\\": \\\"2024-01-16 20:33:00\\\",\\n                              \\\"desc\\\": \\\"PAKET KELUAR DARI SIDOARJO [SURABAYA SORTATION]\\\",\\n                              \\\"location\\\": \\\"\\\"\\n                            },\\n                            {\\n                              \\\"date\\\": \\\"2024-01-16 04:39:00\\\",\\n                              \\\"desc\\\": \\\"PAKET TELAH DI TERIMA DI SIDOARJO [SURABAYA SORTATION]\\\",\\n                              \\\"location\\\": \\\"\\\"\\n                            },\\n                            {\\n                              \\\"date\\\": \\\"2024-01-16 03:38:00\\\",\\n                              \\\"desc\\\": \\\"PAKET KELUAR DARI SURABAYA [SURABAYA MARGOMULYO]\\\",\\n                              \\\"location\\\": \\\"\\\"\\n                            },\\n                            {\\n                              \\\"date\\\": \\\"2024-01-15 18:59:00\\\",\\n                              \\\"desc\\\": \\\"PAKET TELAH DI INPUT (MANIFESTED) DI SURABAYA [SURABAYA MARGOMULYO]\\\",\\n                              \\\"location\\\": \\\"\\\"\\n                            }\\n                          ]\"','Nasrullah Rahmat Hardiansyah','(+62) 26 0875 5684','Dk. Baranang Siang No. 333, Batu 35308, Bengkulu','34','307','Sumatera Utara','Nias','22876','OKE',20000.00,0,9,5,7,NULL,'2024-06-07 04:00:17','2024-06-12 04:00:17'),(8,'20240606721741958',464000.00,'COMPLETED',NULL,NULL,NULL,NULL,NULL,'2024-06-07 02:00:17','2024-06-08 02:00:17','2024-06-09 02:00:17','2024-06-10 02:00:17','2024-06-11 02:00:17',NULL,NULL,'3870237252','DELIVERED','jne','\"[\\n                            {\\n                              \\\"date\\\": \\\"2024-01-17 10:42:00\\\",\\n                              \\\"desc\\\": \\\"PAKET DITERIMA OLEH [BU WASIH - (KEL) KELUARGA SERUMAH]\\\",\\n                              \\\"location\\\": \\\"\\\"\\n                            },\\n                            {\\n                              \\\"date\\\": \\\"2024-01-17 08:18:00\\\",\\n                              \\\"desc\\\": \\\"PAKET DIBAWA [SIGESIT - M IRFAN ARIF]\\\",\\n                              \\\"location\\\": \\\"\\\"\\n                            },\\n                            {\\n                              \\\"date\\\": \\\"2024-01-17 08:16:00\\\",\\n                              \\\"desc\\\": \\\"PAKET TELAH DI TERIMA DI MOJOKERTO [DAWAR]\\\",\\n                              \\\"location\\\": \\\"\\\"\\n                            },\\n                            {\\n                              \\\"date\\\": \\\"2024-01-16 20:33:00\\\",\\n                              \\\"desc\\\": \\\"PAKET KELUAR DARI SIDOARJO [SURABAYA SORTATION]\\\",\\n                              \\\"location\\\": \\\"\\\"\\n                            },\\n                            {\\n                              \\\"date\\\": \\\"2024-01-16 04:39:00\\\",\\n                              \\\"desc\\\": \\\"PAKET TELAH DI TERIMA DI SIDOARJO [SURABAYA SORTATION]\\\",\\n                              \\\"location\\\": \\\"\\\"\\n                            },\\n                            {\\n                              \\\"date\\\": \\\"2024-01-16 03:38:00\\\",\\n                              \\\"desc\\\": \\\"PAKET KELUAR DARI SURABAYA [SURABAYA MARGOMULYO]\\\",\\n                              \\\"location\\\": \\\"\\\"\\n                            },\\n                            {\\n                              \\\"date\\\": \\\"2024-01-15 18:59:00\\\",\\n                              \\\"desc\\\": \\\"PAKET TELAH DI INPUT (MANIFESTED) DI SURABAYA [SURABAYA MARGOMULYO]\\\",\\n                              \\\"location\\\": \\\"\\\"\\n                            }\\n                          ]\"','Cakrawangsa Prakasa','0541 7182 588','Gg. Banda No. 747, Cilegon 44680, Kepri','12','279','Kalimantan Barat','Melawi','78619','OKE',20000.00,0,9,5,8,NULL,'2024-06-05 19:00:17','2024-06-10 19:00:17'),(9,'20240613721742359',242000.00,'COMPLETED',NULL,NULL,NULL,NULL,NULL,'2024-06-14 02:00:17','2024-06-15 02:00:17','2024-06-16 02:00:17','2024-06-17 02:00:17','2024-06-18 02:00:17',NULL,NULL,'4613138515','DELIVERED','jne','\"[\\n                            {\\n                              \\\"date\\\": \\\"2024-01-17 10:42:00\\\",\\n                              \\\"desc\\\": \\\"PAKET DITERIMA OLEH [BU WASIH - (KEL) KELUARGA SERUMAH]\\\",\\n                              \\\"location\\\": \\\"\\\"\\n                            },\\n                            {\\n                              \\\"date\\\": \\\"2024-01-17 08:18:00\\\",\\n                              \\\"desc\\\": \\\"PAKET DIBAWA [SIGESIT - M IRFAN ARIF]\\\",\\n                              \\\"location\\\": \\\"\\\"\\n                            },\\n                            {\\n                              \\\"date\\\": \\\"2024-01-17 08:16:00\\\",\\n                              \\\"desc\\\": \\\"PAKET TELAH DI TERIMA DI MOJOKERTO [DAWAR]\\\",\\n                              \\\"location\\\": \\\"\\\"\\n                            },\\n                            {\\n                              \\\"date\\\": \\\"2024-01-16 20:33:00\\\",\\n                              \\\"desc\\\": \\\"PAKET KELUAR DARI SIDOARJO [SURABAYA SORTATION]\\\",\\n                              \\\"location\\\": \\\"\\\"\\n                            },\\n                            {\\n                              \\\"date\\\": \\\"2024-01-16 04:39:00\\\",\\n                              \\\"desc\\\": \\\"PAKET TELAH DI TERIMA DI SIDOARJO [SURABAYA SORTATION]\\\",\\n                              \\\"location\\\": \\\"\\\"\\n                            },\\n                            {\\n                              \\\"date\\\": \\\"2024-01-16 03:38:00\\\",\\n                              \\\"desc\\\": \\\"PAKET KELUAR DARI SURABAYA [SURABAYA MARGOMULYO]\\\",\\n                              \\\"location\\\": \\\"\\\"\\n                            },\\n                            {\\n                              \\\"date\\\": \\\"2024-01-15 18:59:00\\\",\\n                              \\\"desc\\\": \\\"PAKET TELAH DI INPUT (MANIFESTED) DI SURABAYA [SURABAYA MARGOMULYO]\\\",\\n                              \\\"location\\\": \\\"\\\"\\n                            }\\n                          ]\"','Chelsea Kayla Fujiati S.Gz','0816 277 304','Psr. Moch. Ramdan No. 641, Prabumulih 43311, DKI','9','79','Jawa Barat','Bogor','16119','OKE',20000.00,0,7,5,9,NULL,'2024-06-12 19:00:17','2024-06-17 19:00:17'),(10,'202406157217425510',242000.00,'COMPLETED',NULL,NULL,NULL,NULL,NULL,'2024-06-16 02:00:17','2024-06-17 02:00:17','2024-06-18 02:00:17','2024-06-19 02:00:17','2024-06-20 02:00:17',NULL,NULL,'0710526008','DELIVERED','jne','\"[\\n                            {\\n                              \\\"date\\\": \\\"2024-01-17 10:42:00\\\",\\n                              \\\"desc\\\": \\\"PAKET DITERIMA OLEH [BU WASIH - (KEL) KELUARGA SERUMAH]\\\",\\n                              \\\"location\\\": \\\"\\\"\\n                            },\\n                            {\\n                              \\\"date\\\": \\\"2024-01-17 08:18:00\\\",\\n                              \\\"desc\\\": \\\"PAKET DIBAWA [SIGESIT - M IRFAN ARIF]\\\",\\n                              \\\"location\\\": \\\"\\\"\\n                            },\\n                            {\\n                              \\\"date\\\": \\\"2024-01-17 08:16:00\\\",\\n                              \\\"desc\\\": \\\"PAKET TELAH DI TERIMA DI MOJOKERTO [DAWAR]\\\",\\n                              \\\"location\\\": \\\"\\\"\\n                            },\\n                            {\\n                              \\\"date\\\": \\\"2024-01-16 20:33:00\\\",\\n                              \\\"desc\\\": \\\"PAKET KELUAR DARI SIDOARJO [SURABAYA SORTATION]\\\",\\n                              \\\"location\\\": \\\"\\\"\\n                            },\\n                            {\\n                              \\\"date\\\": \\\"2024-01-16 04:39:00\\\",\\n                              \\\"desc\\\": \\\"PAKET TELAH DI TERIMA DI SIDOARJO [SURABAYA SORTATION]\\\",\\n                              \\\"location\\\": \\\"\\\"\\n                            },\\n                            {\\n                              \\\"date\\\": \\\"2024-01-16 03:38:00\\\",\\n                              \\\"desc\\\": \\\"PAKET KELUAR DARI SURABAYA [SURABAYA MARGOMULYO]\\\",\\n                              \\\"location\\\": \\\"\\\"\\n                            },\\n                            {\\n                              \\\"date\\\": \\\"2024-01-15 18:59:00\\\",\\n                              \\\"desc\\\": \\\"PAKET TELAH DI INPUT (MANIFESTED) DI SURABAYA [SURABAYA MARGOMULYO]\\\",\\n                              \\\"location\\\": \\\"\\\"\\n                            }\\n                          ]\"','Bahuraksa Kusumo','(+62) 632 3759 4958','Kpg. Hayam Wuruk No. 416, Bukittinggi 73320, Sumut','20','139','Maluku Utara','Halmahera Selatan','97911','OKE',20000.00,0,2,5,10,NULL,'2024-06-14 19:00:17','2024-06-19 19:00:17'),(11,'2024060875617444211',2843000.00,'COMPLETED',NULL,NULL,NULL,NULL,NULL,'2024-06-09 21:00:17','2024-06-10 21:00:17','2024-06-11 21:00:17','2024-06-12 21:00:17','2024-06-13 21:00:17',NULL,NULL,'7314252149','DELIVERED','jne','\"[\\n                            {\\n                              \\\"date\\\": \\\"2024-01-17 10:42:00\\\",\\n                              \\\"desc\\\": \\\"PAKET DITERIMA OLEH [BU WASIH - (KEL) KELUARGA SERUMAH]\\\",\\n                              \\\"location\\\": \\\"\\\"\\n                            },\\n                            {\\n                              \\\"date\\\": \\\"2024-01-17 08:18:00\\\",\\n                              \\\"desc\\\": \\\"PAKET DIBAWA [SIGESIT - M IRFAN ARIF]\\\",\\n                              \\\"location\\\": \\\"\\\"\\n                            },\\n                            {\\n                              \\\"date\\\": \\\"2024-01-17 08:16:00\\\",\\n                              \\\"desc\\\": \\\"PAKET TELAH DI TERIMA DI MOJOKERTO [DAWAR]\\\",\\n                              \\\"location\\\": \\\"\\\"\\n                            },\\n                            {\\n                              \\\"date\\\": \\\"2024-01-16 20:33:00\\\",\\n                              \\\"desc\\\": \\\"PAKET KELUAR DARI SIDOARJO [SURABAYA SORTATION]\\\",\\n                              \\\"location\\\": \\\"\\\"\\n                            },\\n                            {\\n                              \\\"date\\\": \\\"2024-01-16 04:39:00\\\",\\n                              \\\"desc\\\": \\\"PAKET TELAH DI TERIMA DI SIDOARJO [SURABAYA SORTATION]\\\",\\n                              \\\"location\\\": \\\"\\\"\\n                            },\\n                            {\\n                              \\\"date\\\": \\\"2024-01-16 03:38:00\\\",\\n                              \\\"desc\\\": \\\"PAKET KELUAR DARI SURABAYA [SURABAYA MARGOMULYO]\\\",\\n                              \\\"location\\\": \\\"\\\"\\n                            },\\n                            {\\n                              \\\"date\\\": \\\"2024-01-15 18:59:00\\\",\\n                              \\\"desc\\\": \\\"PAKET TELAH DI INPUT (MANIFESTED) DI SURABAYA [SURABAYA MARGOMULYO]\\\",\\n                              \\\"location\\\": \\\"\\\"\\n                            }\\n                          ]\"','Sadina Mayasari','0741 6882 874','Jln. Pasir Koja No. 472, Administrasi Jakarta Timur 25444, Kalbar','5','501','DI Yogyakarta','Yogyakarta','55111','OKE',20000.00,0,1,2,11,NULL,'2024-06-08 14:00:17','2024-06-13 14:00:17'),(12,'2024060875617448212',5666000.00,'COMPLETED',NULL,NULL,NULL,NULL,NULL,'2024-06-09 21:00:17','2024-06-10 21:00:17','2024-06-11 21:00:17','2024-06-12 21:00:17','2024-06-13 21:00:17',NULL,NULL,'9164364747','DELIVERED','jne','\"[\\n                            {\\n                              \\\"date\\\": \\\"2024-01-17 10:42:00\\\",\\n                              \\\"desc\\\": \\\"PAKET DITERIMA OLEH [BU WASIH - (KEL) KELUARGA SERUMAH]\\\",\\n                              \\\"location\\\": \\\"\\\"\\n                            },\\n                            {\\n                              \\\"date\\\": \\\"2024-01-17 08:18:00\\\",\\n                              \\\"desc\\\": \\\"PAKET DIBAWA [SIGESIT - M IRFAN ARIF]\\\",\\n                              \\\"location\\\": \\\"\\\"\\n                            },\\n                            {\\n                              \\\"date\\\": \\\"2024-01-17 08:16:00\\\",\\n                              \\\"desc\\\": \\\"PAKET TELAH DI TERIMA DI MOJOKERTO [DAWAR]\\\",\\n                              \\\"location\\\": \\\"\\\"\\n                            },\\n                            {\\n                              \\\"date\\\": \\\"2024-01-16 20:33:00\\\",\\n                              \\\"desc\\\": \\\"PAKET KELUAR DARI SIDOARJO [SURABAYA SORTATION]\\\",\\n                              \\\"location\\\": \\\"\\\"\\n                            },\\n                            {\\n                              \\\"date\\\": \\\"2024-01-16 04:39:00\\\",\\n                              \\\"desc\\\": \\\"PAKET TELAH DI TERIMA DI SIDOARJO [SURABAYA SORTATION]\\\",\\n                              \\\"location\\\": \\\"\\\"\\n                            },\\n                            {\\n                              \\\"date\\\": \\\"2024-01-16 03:38:00\\\",\\n                              \\\"desc\\\": \\\"PAKET KELUAR DARI SURABAYA [SURABAYA MARGOMULYO]\\\",\\n                              \\\"location\\\": \\\"\\\"\\n                            },\\n                            {\\n                              \\\"date\\\": \\\"2024-01-15 18:59:00\\\",\\n                              \\\"desc\\\": \\\"PAKET TELAH DI INPUT (MANIFESTED) DI SURABAYA [SURABAYA MARGOMULYO]\\\",\\n                              \\\"location\\\": \\\"\\\"\\n                            }\\n                          ]\"','Manah Sitompul','0750 6727 4345','Psr. Sunaryo No. 925, Lubuklinggau 53195, Aceh','34','70','Sumatera Utara','Binjai','20712','OKE',20000.00,0,9,2,12,NULL,'2024-06-08 14:00:17','2024-06-13 14:00:17'),(13,'2024060675617451213',2843000.00,'COMPLETED',NULL,NULL,NULL,NULL,NULL,'2024-06-07 21:00:17','2024-06-08 21:00:17','2024-06-09 21:00:17','2024-06-10 21:00:17','2024-06-11 21:00:17',NULL,NULL,'6946242467','DELIVERED','jne','\"[\\n                            {\\n                              \\\"date\\\": \\\"2024-01-17 10:42:00\\\",\\n                              \\\"desc\\\": \\\"PAKET DITERIMA OLEH [BU WASIH - (KEL) KELUARGA SERUMAH]\\\",\\n                              \\\"location\\\": \\\"\\\"\\n                            },\\n                            {\\n                              \\\"date\\\": \\\"2024-01-17 08:18:00\\\",\\n                              \\\"desc\\\": \\\"PAKET DIBAWA [SIGESIT - M IRFAN ARIF]\\\",\\n                              \\\"location\\\": \\\"\\\"\\n                            },\\n                            {\\n                              \\\"date\\\": \\\"2024-01-17 08:16:00\\\",\\n                              \\\"desc\\\": \\\"PAKET TELAH DI TERIMA DI MOJOKERTO [DAWAR]\\\",\\n                              \\\"location\\\": \\\"\\\"\\n                            },\\n                            {\\n                              \\\"date\\\": \\\"2024-01-16 20:33:00\\\",\\n                              \\\"desc\\\": \\\"PAKET KELUAR DARI SIDOARJO [SURABAYA SORTATION]\\\",\\n                              \\\"location\\\": \\\"\\\"\\n                            },\\n                            {\\n                              \\\"date\\\": \\\"2024-01-16 04:39:00\\\",\\n                              \\\"desc\\\": \\\"PAKET TELAH DI TERIMA DI SIDOARJO [SURABAYA SORTATION]\\\",\\n                              \\\"location\\\": \\\"\\\"\\n                            },\\n                            {\\n                              \\\"date\\\": \\\"2024-01-16 03:38:00\\\",\\n                              \\\"desc\\\": \\\"PAKET KELUAR DARI SURABAYA [SURABAYA MARGOMULYO]\\\",\\n                              \\\"location\\\": \\\"\\\"\\n                            },\\n                            {\\n                              \\\"date\\\": \\\"2024-01-15 18:59:00\\\",\\n                              \\\"desc\\\": \\\"PAKET TELAH DI INPUT (MANIFESTED) DI SURABAYA [SURABAYA MARGOMULYO]\\\",\\n                              \\\"location\\\": \\\"\\\"\\n                            }\\n                          ]\"','Suci Nurdiyanti','0394 9905 2807','Ki. Bakau No. 807, Jayapura 39324, Sultra','15','354','Kalimantan Timur','Penajam Paser Utara','76311','OKE',20000.00,0,8,2,13,NULL,'2024-06-06 14:00:17','2024-06-11 14:00:17'),(14,'2024060275617453214',2843000.00,'COMPLETED',NULL,NULL,NULL,NULL,NULL,'2024-06-03 21:00:17','2024-06-04 21:00:17','2024-06-05 21:00:17','2024-06-06 21:00:17','2024-06-07 21:00:17',NULL,NULL,'3070452655','DELIVERED','jne','\"[\\n                            {\\n                              \\\"date\\\": \\\"2024-01-17 10:42:00\\\",\\n                              \\\"desc\\\": \\\"PAKET DITERIMA OLEH [BU WASIH - (KEL) KELUARGA SERUMAH]\\\",\\n                              \\\"location\\\": \\\"\\\"\\n                            },\\n                            {\\n                              \\\"date\\\": \\\"2024-01-17 08:18:00\\\",\\n                              \\\"desc\\\": \\\"PAKET DIBAWA [SIGESIT - M IRFAN ARIF]\\\",\\n                              \\\"location\\\": \\\"\\\"\\n                            },\\n                            {\\n                              \\\"date\\\": \\\"2024-01-17 08:16:00\\\",\\n                              \\\"desc\\\": \\\"PAKET TELAH DI TERIMA DI MOJOKERTO [DAWAR]\\\",\\n                              \\\"location\\\": \\\"\\\"\\n                            },\\n                            {\\n                              \\\"date\\\": \\\"2024-01-16 20:33:00\\\",\\n                              \\\"desc\\\": \\\"PAKET KELUAR DARI SIDOARJO [SURABAYA SORTATION]\\\",\\n                              \\\"location\\\": \\\"\\\"\\n                            },\\n                            {\\n                              \\\"date\\\": \\\"2024-01-16 04:39:00\\\",\\n                              \\\"desc\\\": \\\"PAKET TELAH DI TERIMA DI SIDOARJO [SURABAYA SORTATION]\\\",\\n                              \\\"location\\\": \\\"\\\"\\n                            },\\n                            {\\n                              \\\"date\\\": \\\"2024-01-16 03:38:00\\\",\\n                              \\\"desc\\\": \\\"PAKET KELUAR DARI SURABAYA [SURABAYA MARGOMULYO]\\\",\\n                              \\\"location\\\": \\\"\\\"\\n                            },\\n                            {\\n                              \\\"date\\\": \\\"2024-01-15 18:59:00\\\",\\n                              \\\"desc\\\": \\\"PAKET TELAH DI INPUT (MANIFESTED) DI SURABAYA [SURABAYA MARGOMULYO]\\\",\\n                              \\\"location\\\": \\\"\\\"\\n                            }\\n                          ]\"','Widya Dinda Wijayanti S.I.Kom','028 6053 2909','Jln. Gajah No. 653, Malang 15642, NTT','23','434','Nusa Tenggara Timur (NTT)','Sumba Barat','87219','OKE',20000.00,0,2,2,14,NULL,'2024-06-02 14:00:17','2024-06-07 14:00:17'),(15,'2024060614417461315',902000.00,'COMPLETED',NULL,NULL,NULL,NULL,NULL,'2024-06-07 04:00:17','2024-06-08 04:00:17','2024-06-09 04:00:17','2024-06-10 04:00:17','2024-06-11 04:00:17',NULL,NULL,'4257280573','DELIVERED','jne','\"[\\n                            {\\n                              \\\"date\\\": \\\"2024-01-17 10:42:00\\\",\\n                              \\\"desc\\\": \\\"PAKET DITERIMA OLEH [BU WASIH - (KEL) KELUARGA SERUMAH]\\\",\\n                              \\\"location\\\": \\\"\\\"\\n                            },\\n                            {\\n                              \\\"date\\\": \\\"2024-01-17 08:18:00\\\",\\n                              \\\"desc\\\": \\\"PAKET DIBAWA [SIGESIT - M IRFAN ARIF]\\\",\\n                              \\\"location\\\": \\\"\\\"\\n                            },\\n                            {\\n                              \\\"date\\\": \\\"2024-01-17 08:16:00\\\",\\n                              \\\"desc\\\": \\\"PAKET TELAH DI TERIMA DI MOJOKERTO [DAWAR]\\\",\\n                              \\\"location\\\": \\\"\\\"\\n                            },\\n                            {\\n                              \\\"date\\\": \\\"2024-01-16 20:33:00\\\",\\n                              \\\"desc\\\": \\\"PAKET KELUAR DARI SIDOARJO [SURABAYA SORTATION]\\\",\\n                              \\\"location\\\": \\\"\\\"\\n                            },\\n                            {\\n                              \\\"date\\\": \\\"2024-01-16 04:39:00\\\",\\n                              \\\"desc\\\": \\\"PAKET TELAH DI TERIMA DI SIDOARJO [SURABAYA SORTATION]\\\",\\n                              \\\"location\\\": \\\"\\\"\\n                            },\\n                            {\\n                              \\\"date\\\": \\\"2024-01-16 03:38:00\\\",\\n                              \\\"desc\\\": \\\"PAKET KELUAR DARI SURABAYA [SURABAYA MARGOMULYO]\\\",\\n                              \\\"location\\\": \\\"\\\"\\n                            },\\n                            {\\n                              \\\"date\\\": \\\"2024-01-15 18:59:00\\\",\\n                              \\\"desc\\\": \\\"PAKET TELAH DI INPUT (MANIFESTED) DI SURABAYA [SURABAYA MARGOMULYO]\\\",\\n                              \\\"location\\\": \\\"\\\"\\n                            }\\n                          ]\"','Gaiman Saadat Jailani S.Farm','0582 9249 8076','Kpg. Qrisdoren No. 830, Pangkal Pinang 75883, Sumut','28','162','Sulawesi Selatan','Jeneponto','92319','OKE',20000.00,0,2,3,15,NULL,'2024-06-05 21:00:17','2024-06-10 21:00:17'),(16,'2024061414417464316',314000.00,'COMPLETED',NULL,NULL,NULL,NULL,NULL,'2024-06-15 04:00:17','2024-06-16 04:00:17','2024-06-17 04:00:17','2024-06-18 04:00:17','2024-06-19 04:00:17',NULL,NULL,'5991555370','DELIVERED','jne','\"[\\n                            {\\n                              \\\"date\\\": \\\"2024-01-17 10:42:00\\\",\\n                              \\\"desc\\\": \\\"PAKET DITERIMA OLEH [BU WASIH - (KEL) KELUARGA SERUMAH]\\\",\\n                              \\\"location\\\": \\\"\\\"\\n                            },\\n                            {\\n                              \\\"date\\\": \\\"2024-01-17 08:18:00\\\",\\n                              \\\"desc\\\": \\\"PAKET DIBAWA [SIGESIT - M IRFAN ARIF]\\\",\\n                              \\\"location\\\": \\\"\\\"\\n                            },\\n                            {\\n                              \\\"date\\\": \\\"2024-01-17 08:16:00\\\",\\n                              \\\"desc\\\": \\\"PAKET TELAH DI TERIMA DI MOJOKERTO [DAWAR]\\\",\\n                              \\\"location\\\": \\\"\\\"\\n                            },\\n                            {\\n                              \\\"date\\\": \\\"2024-01-16 20:33:00\\\",\\n                              \\\"desc\\\": \\\"PAKET KELUAR DARI SIDOARJO [SURABAYA SORTATION]\\\",\\n                              \\\"location\\\": \\\"\\\"\\n                            },\\n                            {\\n                              \\\"date\\\": \\\"2024-01-16 04:39:00\\\",\\n                              \\\"desc\\\": \\\"PAKET TELAH DI TERIMA DI SIDOARJO [SURABAYA SORTATION]\\\",\\n                              \\\"location\\\": \\\"\\\"\\n                            },\\n                            {\\n                              \\\"date\\\": \\\"2024-01-16 03:38:00\\\",\\n                              \\\"desc\\\": \\\"PAKET KELUAR DARI SURABAYA [SURABAYA MARGOMULYO]\\\",\\n                              \\\"location\\\": \\\"\\\"\\n                            },\\n                            {\\n                              \\\"date\\\": \\\"2024-01-15 18:59:00\\\",\\n                              \\\"desc\\\": \\\"PAKET TELAH DI INPUT (MANIFESTED) DI SURABAYA [SURABAYA MARGOMULYO]\\\",\\n                              \\\"location\\\": \\\"\\\"\\n                            }\\n                          ]\"','Ade Suwarno','0764 0042 065','Ki. Babadak No. 790, Batam 34174, Pabar','34','463','Sumatera Utara','Tapanuli Selatan','22742','OKE',20000.00,0,9,3,16,NULL,'2024-06-13 21:00:17','2024-06-18 21:00:17'),(17,'2024061368417483417',8930000.00,'COMPLETED',NULL,NULL,NULL,NULL,NULL,'2024-06-14 19:00:17','2024-06-15 19:00:17','2024-06-16 19:00:17','2024-06-17 19:00:17','2024-06-18 19:00:17',NULL,NULL,'2555850775','DELIVERED','jne','\"[\\n                            {\\n                              \\\"date\\\": \\\"2024-01-17 10:42:00\\\",\\n                              \\\"desc\\\": \\\"PAKET DITERIMA OLEH [BU WASIH - (KEL) KELUARGA SERUMAH]\\\",\\n                              \\\"location\\\": \\\"\\\"\\n                            },\\n                            {\\n                              \\\"date\\\": \\\"2024-01-17 08:18:00\\\",\\n                              \\\"desc\\\": \\\"PAKET DIBAWA [SIGESIT - M IRFAN ARIF]\\\",\\n                              \\\"location\\\": \\\"\\\"\\n                            },\\n                            {\\n                              \\\"date\\\": \\\"2024-01-17 08:16:00\\\",\\n                              \\\"desc\\\": \\\"PAKET TELAH DI TERIMA DI MOJOKERTO [DAWAR]\\\",\\n                              \\\"location\\\": \\\"\\\"\\n                            },\\n                            {\\n                              \\\"date\\\": \\\"2024-01-16 20:33:00\\\",\\n                              \\\"desc\\\": \\\"PAKET KELUAR DARI SIDOARJO [SURABAYA SORTATION]\\\",\\n                              \\\"location\\\": \\\"\\\"\\n                            },\\n                            {\\n                              \\\"date\\\": \\\"2024-01-16 04:39:00\\\",\\n                              \\\"desc\\\": \\\"PAKET TELAH DI TERIMA DI SIDOARJO [SURABAYA SORTATION]\\\",\\n                              \\\"location\\\": \\\"\\\"\\n                            },\\n                            {\\n                              \\\"date\\\": \\\"2024-01-16 03:38:00\\\",\\n                              \\\"desc\\\": \\\"PAKET KELUAR DARI SURABAYA [SURABAYA MARGOMULYO]\\\",\\n                              \\\"location\\\": \\\"\\\"\\n                            },\\n                            {\\n                              \\\"date\\\": \\\"2024-01-15 18:59:00\\\",\\n                              \\\"desc\\\": \\\"PAKET TELAH DI INPUT (MANIFESTED) DI SURABAYA [SURABAYA MARGOMULYO]\\\",\\n                              \\\"location\\\": \\\"\\\"\\n                            }\\n                          ]\"','Lulut Catur Uwais S.Ked','0781 6803 4029','Jr. Yoga No. 76, Medan 31612, Sumbar','30','198','Sulawesi Tenggara','Kolaka','93511','OKE',20000.00,0,2,4,17,NULL,'2024-06-13 12:00:17','2024-06-18 12:00:17'),(18,'2024061550417490518',5360000.00,'COMPLETED',NULL,NULL,NULL,NULL,NULL,'2024-06-16 14:00:17','2024-06-17 14:00:17','2024-06-18 14:00:17','2024-06-19 14:00:17','2024-06-20 14:00:17',NULL,NULL,'7718373827','DELIVERED','jne','\"[\\n                            {\\n                              \\\"date\\\": \\\"2024-01-17 10:42:00\\\",\\n                              \\\"desc\\\": \\\"PAKET DITERIMA OLEH [BU WASIH - (KEL) KELUARGA SERUMAH]\\\",\\n                              \\\"location\\\": \\\"\\\"\\n                            },\\n                            {\\n                              \\\"date\\\": \\\"2024-01-17 08:18:00\\\",\\n                              \\\"desc\\\": \\\"PAKET DIBAWA [SIGESIT - M IRFAN ARIF]\\\",\\n                              \\\"location\\\": \\\"\\\"\\n                            },\\n                            {\\n                              \\\"date\\\": \\\"2024-01-17 08:16:00\\\",\\n                              \\\"desc\\\": \\\"PAKET TELAH DI TERIMA DI MOJOKERTO [DAWAR]\\\",\\n                              \\\"location\\\": \\\"\\\"\\n                            },\\n                            {\\n                              \\\"date\\\": \\\"2024-01-16 20:33:00\\\",\\n                              \\\"desc\\\": \\\"PAKET KELUAR DARI SIDOARJO [SURABAYA SORTATION]\\\",\\n                              \\\"location\\\": \\\"\\\"\\n                            },\\n                            {\\n                              \\\"date\\\": \\\"2024-01-16 04:39:00\\\",\\n                              \\\"desc\\\": \\\"PAKET TELAH DI TERIMA DI SIDOARJO [SURABAYA SORTATION]\\\",\\n                              \\\"location\\\": \\\"\\\"\\n                            },\\n                            {\\n                              \\\"date\\\": \\\"2024-01-16 03:38:00\\\",\\n                              \\\"desc\\\": \\\"PAKET KELUAR DARI SURABAYA [SURABAYA MARGOMULYO]\\\",\\n                              \\\"location\\\": \\\"\\\"\\n                            },\\n                            {\\n                              \\\"date\\\": \\\"2024-01-15 18:59:00\\\",\\n                              \\\"desc\\\": \\\"PAKET TELAH DI INPUT (MANIFESTED) DI SURABAYA [SURABAYA MARGOMULYO]\\\",\\n                              \\\"location\\\": \\\"\\\"\\n                            }\\n                          ]\"','Kiandra Kasiyah Kusmawati S.IP','0393 3424 566','Ds. Asia Afrika No. 349, Sungai Penuh 74331, Sulut','11','444','Jawa Timur','Surabaya','60119','OKE',20000.00,0,2,5,18,NULL,'2024-06-15 07:00:17','2024-06-20 07:00:17'),(19,'2024061150417493519',5360000.00,'COMPLETED',NULL,NULL,NULL,NULL,NULL,'2024-06-12 14:00:17','2024-06-13 14:00:17','2024-06-14 14:00:17','2024-06-15 14:00:17','2024-06-16 14:00:17',NULL,NULL,'0084353945','DELIVERED','jne','\"[\\n                            {\\n                              \\\"date\\\": \\\"2024-01-17 10:42:00\\\",\\n                              \\\"desc\\\": \\\"PAKET DITERIMA OLEH [BU WASIH - (KEL) KELUARGA SERUMAH]\\\",\\n                              \\\"location\\\": \\\"\\\"\\n                            },\\n                            {\\n                              \\\"date\\\": \\\"2024-01-17 08:18:00\\\",\\n                              \\\"desc\\\": \\\"PAKET DIBAWA [SIGESIT - M IRFAN ARIF]\\\",\\n                              \\\"location\\\": \\\"\\\"\\n                            },\\n                            {\\n                              \\\"date\\\": \\\"2024-01-17 08:16:00\\\",\\n                              \\\"desc\\\": \\\"PAKET TELAH DI TERIMA DI MOJOKERTO [DAWAR]\\\",\\n                              \\\"location\\\": \\\"\\\"\\n                            },\\n                            {\\n                              \\\"date\\\": \\\"2024-01-16 20:33:00\\\",\\n                              \\\"desc\\\": \\\"PAKET KELUAR DARI SIDOARJO [SURABAYA SORTATION]\\\",\\n                              \\\"location\\\": \\\"\\\"\\n                            },\\n                            {\\n                              \\\"date\\\": \\\"2024-01-16 04:39:00\\\",\\n                              \\\"desc\\\": \\\"PAKET TELAH DI TERIMA DI SIDOARJO [SURABAYA SORTATION]\\\",\\n                              \\\"location\\\": \\\"\\\"\\n                            },\\n                            {\\n                              \\\"date\\\": \\\"2024-01-16 03:38:00\\\",\\n                              \\\"desc\\\": \\\"PAKET KELUAR DARI SURABAYA [SURABAYA MARGOMULYO]\\\",\\n                              \\\"location\\\": \\\"\\\"\\n                            },\\n                            {\\n                              \\\"date\\\": \\\"2024-01-15 18:59:00\\\",\\n                              \\\"desc\\\": \\\"PAKET TELAH DI INPUT (MANIFESTED) DI SURABAYA [SURABAYA MARGOMULYO]\\\",\\n                              \\\"location\\\": \\\"\\\"\\n                            }\\n                          ]\"','Yunita Yulianti S.Farm','(+62) 780 3341 117','Jln. Yos Sudarso No. 66, Administrasi Jakarta Timur 79604, Kaltim','33','242','Sumatera Selatan','Lubuk Linggau','31614','OKE',20000.00,0,9,5,19,NULL,'2024-06-11 07:00:17','2024-06-16 07:00:17'),(20,'2024061539617513320',5921000.00,'COMPLETED',NULL,NULL,NULL,NULL,NULL,'2024-06-16 11:00:17','2024-06-17 11:00:17','2024-06-18 11:00:17','2024-06-19 11:00:17','2024-06-20 11:00:17',NULL,NULL,'4556011019','DELIVERED','jne','\"[\\n                            {\\n                              \\\"date\\\": \\\"2024-01-17 10:42:00\\\",\\n                              \\\"desc\\\": \\\"PAKET DITERIMA OLEH [BU WASIH - (KEL) KELUARGA SERUMAH]\\\",\\n                              \\\"location\\\": \\\"\\\"\\n                            },\\n                            {\\n                              \\\"date\\\": \\\"2024-01-17 08:18:00\\\",\\n                              \\\"desc\\\": \\\"PAKET DIBAWA [SIGESIT - M IRFAN ARIF]\\\",\\n                              \\\"location\\\": \\\"\\\"\\n                            },\\n                            {\\n                              \\\"date\\\": \\\"2024-01-17 08:16:00\\\",\\n                              \\\"desc\\\": \\\"PAKET TELAH DI TERIMA DI MOJOKERTO [DAWAR]\\\",\\n                              \\\"location\\\": \\\"\\\"\\n                            },\\n                            {\\n                              \\\"date\\\": \\\"2024-01-16 20:33:00\\\",\\n                              \\\"desc\\\": \\\"PAKET KELUAR DARI SIDOARJO [SURABAYA SORTATION]\\\",\\n                              \\\"location\\\": \\\"\\\"\\n                            },\\n                            {\\n                              \\\"date\\\": \\\"2024-01-16 04:39:00\\\",\\n                              \\\"desc\\\": \\\"PAKET TELAH DI TERIMA DI SIDOARJO [SURABAYA SORTATION]\\\",\\n                              \\\"location\\\": \\\"\\\"\\n                            },\\n                            {\\n                              \\\"date\\\": \\\"2024-01-16 03:38:00\\\",\\n                              \\\"desc\\\": \\\"PAKET KELUAR DARI SURABAYA [SURABAYA MARGOMULYO]\\\",\\n                              \\\"location\\\": \\\"\\\"\\n                            },\\n                            {\\n                              \\\"date\\\": \\\"2024-01-15 18:59:00\\\",\\n                              \\\"desc\\\": \\\"PAKET TELAH DI INPUT (MANIFESTED) DI SURABAYA [SURABAYA MARGOMULYO]\\\",\\n                              \\\"location\\\": \\\"\\\"\\n                            }\\n                          ]\"','Yance Winarsih S.H.','0876 7573 765','Kpg. Tubagus Ismail No. 305, Tidore Kepulauan 66797, Pabar','34','463','Sumatera Utara','Tapanuli Selatan','22742','OKE',20000.00,0,9,3,20,NULL,'2024-06-15 04:00:17','2024-06-20 04:00:17'),(21,'2024061539617516321',3954000.00,'COMPLETED',NULL,NULL,NULL,NULL,NULL,'2024-06-16 11:00:17','2024-06-17 11:00:17','2024-06-18 11:00:17','2024-06-19 11:00:17','2024-06-20 11:00:17',NULL,NULL,'7750838732','DELIVERED','jne','\"[\\n                            {\\n                              \\\"date\\\": \\\"2024-01-17 10:42:00\\\",\\n                              \\\"desc\\\": \\\"PAKET DITERIMA OLEH [BU WASIH - (KEL) KELUARGA SERUMAH]\\\",\\n                              \\\"location\\\": \\\"\\\"\\n                            },\\n                            {\\n                              \\\"date\\\": \\\"2024-01-17 08:18:00\\\",\\n                              \\\"desc\\\": \\\"PAKET DIBAWA [SIGESIT - M IRFAN ARIF]\\\",\\n                              \\\"location\\\": \\\"\\\"\\n                            },\\n                            {\\n                              \\\"date\\\": \\\"2024-01-17 08:16:00\\\",\\n                              \\\"desc\\\": \\\"PAKET TELAH DI TERIMA DI MOJOKERTO [DAWAR]\\\",\\n                              \\\"location\\\": \\\"\\\"\\n                            },\\n                            {\\n                              \\\"date\\\": \\\"2024-01-16 20:33:00\\\",\\n                              \\\"desc\\\": \\\"PAKET KELUAR DARI SIDOARJO [SURABAYA SORTATION]\\\",\\n                              \\\"location\\\": \\\"\\\"\\n                            },\\n                            {\\n                              \\\"date\\\": \\\"2024-01-16 04:39:00\\\",\\n                              \\\"desc\\\": \\\"PAKET TELAH DI TERIMA DI SIDOARJO [SURABAYA SORTATION]\\\",\\n                              \\\"location\\\": \\\"\\\"\\n                            },\\n                            {\\n                              \\\"date\\\": \\\"2024-01-16 03:38:00\\\",\\n                              \\\"desc\\\": \\\"PAKET KELUAR DARI SURABAYA [SURABAYA MARGOMULYO]\\\",\\n                              \\\"location\\\": \\\"\\\"\\n                            },\\n                            {\\n                              \\\"date\\\": \\\"2024-01-15 18:59:00\\\",\\n                              \\\"desc\\\": \\\"PAKET TELAH DI INPUT (MANIFESTED) DI SURABAYA [SURABAYA MARGOMULYO]\\\",\\n                              \\\"location\\\": \\\"\\\"\\n                            }\\n                          ]\"','Rendy Viman Budiman','0427 9138 2063','Psr. B.Agam Dlm No. 175, Administrasi Jakarta Timur 37101, Kepri','12','279','Kalimantan Barat','Melawi','78619','OKE',20000.00,0,2,3,21,NULL,'2024-06-15 04:00:17','2024-06-20 04:00:17'),(22,'2024061546817535322',2562000.00,'COMPLETED',NULL,NULL,NULL,NULL,NULL,'2024-06-16 13:00:17','2024-06-17 13:00:17','2024-06-18 13:00:17','2024-06-19 13:00:17','2024-06-20 13:00:17',NULL,NULL,'5417650919','DELIVERED','jne','\"[\\n                            {\\n                              \\\"date\\\": \\\"2024-01-17 10:42:00\\\",\\n                              \\\"desc\\\": \\\"PAKET DITERIMA OLEH [BU WASIH - (KEL) KELUARGA SERUMAH]\\\",\\n                              \\\"location\\\": \\\"\\\"\\n                            },\\n                            {\\n                              \\\"date\\\": \\\"2024-01-17 08:18:00\\\",\\n                              \\\"desc\\\": \\\"PAKET DIBAWA [SIGESIT - M IRFAN ARIF]\\\",\\n                              \\\"location\\\": \\\"\\\"\\n                            },\\n                            {\\n                              \\\"date\\\": \\\"2024-01-17 08:16:00\\\",\\n                              \\\"desc\\\": \\\"PAKET TELAH DI TERIMA DI MOJOKERTO [DAWAR]\\\",\\n                              \\\"location\\\": \\\"\\\"\\n                            },\\n                            {\\n                              \\\"date\\\": \\\"2024-01-16 20:33:00\\\",\\n                              \\\"desc\\\": \\\"PAKET KELUAR DARI SIDOARJO [SURABAYA SORTATION]\\\",\\n                              \\\"location\\\": \\\"\\\"\\n                            },\\n                            {\\n                              \\\"date\\\": \\\"2024-01-16 04:39:00\\\",\\n                              \\\"desc\\\": \\\"PAKET TELAH DI TERIMA DI SIDOARJO [SURABAYA SORTATION]\\\",\\n                              \\\"location\\\": \\\"\\\"\\n                            },\\n                            {\\n                              \\\"date\\\": \\\"2024-01-16 03:38:00\\\",\\n                              \\\"desc\\\": \\\"PAKET KELUAR DARI SURABAYA [SURABAYA MARGOMULYO]\\\",\\n                              \\\"location\\\": \\\"\\\"\\n                            },\\n                            {\\n                              \\\"date\\\": \\\"2024-01-15 18:59:00\\\",\\n                              \\\"desc\\\": \\\"PAKET TELAH DI INPUT (MANIFESTED) DI SURABAYA [SURABAYA MARGOMULYO]\\\",\\n                              \\\"location\\\": \\\"\\\"\\n                            }\\n                          ]\"','Asmadi Nababan','0648 3661 1303','Ki. Pahlawan No. 777, Probolinggo 50718, Sulbar','23','436','Nusa Tenggara Timur (NTT)','Sumba Tengah','87358','OKE',20000.00,0,1,3,22,NULL,'2024-06-15 06:00:17','2024-06-20 06:00:17'),(23,'2024061546817538323',2562000.00,'COMPLETED',NULL,NULL,NULL,NULL,NULL,'2024-06-16 13:00:17','2024-06-17 13:00:17','2024-06-18 13:00:17','2024-06-19 13:00:17','2024-06-20 13:00:17',NULL,NULL,'8887883475','DELIVERED','jne','\"[\\n                            {\\n                              \\\"date\\\": \\\"2024-01-17 10:42:00\\\",\\n                              \\\"desc\\\": \\\"PAKET DITERIMA OLEH [BU WASIH - (KEL) KELUARGA SERUMAH]\\\",\\n                              \\\"location\\\": \\\"\\\"\\n                            },\\n                            {\\n                              \\\"date\\\": \\\"2024-01-17 08:18:00\\\",\\n                              \\\"desc\\\": \\\"PAKET DIBAWA [SIGESIT - M IRFAN ARIF]\\\",\\n                              \\\"location\\\": \\\"\\\"\\n                            },\\n                            {\\n                              \\\"date\\\": \\\"2024-01-17 08:16:00\\\",\\n                              \\\"desc\\\": \\\"PAKET TELAH DI TERIMA DI MOJOKERTO [DAWAR]\\\",\\n                              \\\"location\\\": \\\"\\\"\\n                            },\\n                            {\\n                              \\\"date\\\": \\\"2024-01-16 20:33:00\\\",\\n                              \\\"desc\\\": \\\"PAKET KELUAR DARI SIDOARJO [SURABAYA SORTATION]\\\",\\n                              \\\"location\\\": \\\"\\\"\\n                            },\\n                            {\\n                              \\\"date\\\": \\\"2024-01-16 04:39:00\\\",\\n                              \\\"desc\\\": \\\"PAKET TELAH DI TERIMA DI SIDOARJO [SURABAYA SORTATION]\\\",\\n                              \\\"location\\\": \\\"\\\"\\n                            },\\n                            {\\n                              \\\"date\\\": \\\"2024-01-16 03:38:00\\\",\\n                              \\\"desc\\\": \\\"PAKET KELUAR DARI SURABAYA [SURABAYA MARGOMULYO]\\\",\\n                              \\\"location\\\": \\\"\\\"\\n                            },\\n                            {\\n                              \\\"date\\\": \\\"2024-01-15 18:59:00\\\",\\n                              \\\"desc\\\": \\\"PAKET TELAH DI INPUT (MANIFESTED) DI SURABAYA [SURABAYA MARGOMULYO]\\\",\\n                              \\\"location\\\": \\\"\\\"\\n                            }\\n                          ]\"','Darman Hartana Kuswoyo S.Pd','0736 6654 624','Ki. Lembong No. 296, Pagar Alam 99362, Sulbar','29','366','Sulawesi Tengah','Poso','94615','OKE',20000.00,0,2,3,23,NULL,'2024-06-15 06:00:17','2024-06-20 06:00:17'),(24,'2024061546817541324',3833000.00,'COMPLETED',NULL,NULL,NULL,NULL,NULL,'2024-06-16 13:00:17','2024-06-17 13:00:17','2024-06-18 13:00:17','2024-06-19 13:00:17','2024-06-20 13:00:17',NULL,NULL,'218068214X','DELIVERED','jne','\"[\\n                            {\\n                              \\\"date\\\": \\\"2024-01-17 10:42:00\\\",\\n                              \\\"desc\\\": \\\"PAKET DITERIMA OLEH [BU WASIH - (KEL) KELUARGA SERUMAH]\\\",\\n                              \\\"location\\\": \\\"\\\"\\n                            },\\n                            {\\n                              \\\"date\\\": \\\"2024-01-17 08:18:00\\\",\\n                              \\\"desc\\\": \\\"PAKET DIBAWA [SIGESIT - M IRFAN ARIF]\\\",\\n                              \\\"location\\\": \\\"\\\"\\n                            },\\n                            {\\n                              \\\"date\\\": \\\"2024-01-17 08:16:00\\\",\\n                              \\\"desc\\\": \\\"PAKET TELAH DI TERIMA DI MOJOKERTO [DAWAR]\\\",\\n                              \\\"location\\\": \\\"\\\"\\n                            },\\n                            {\\n                              \\\"date\\\": \\\"2024-01-16 20:33:00\\\",\\n                              \\\"desc\\\": \\\"PAKET KELUAR DARI SIDOARJO [SURABAYA SORTATION]\\\",\\n                              \\\"location\\\": \\\"\\\"\\n                            },\\n                            {\\n                              \\\"date\\\": \\\"2024-01-16 04:39:00\\\",\\n                              \\\"desc\\\": \\\"PAKET TELAH DI TERIMA DI SIDOARJO [SURABAYA SORTATION]\\\",\\n                              \\\"location\\\": \\\"\\\"\\n                            },\\n                            {\\n                              \\\"date\\\": \\\"2024-01-16 03:38:00\\\",\\n                              \\\"desc\\\": \\\"PAKET KELUAR DARI SURABAYA [SURABAYA MARGOMULYO]\\\",\\n                              \\\"location\\\": \\\"\\\"\\n                            },\\n                            {\\n                              \\\"date\\\": \\\"2024-01-15 18:59:00\\\",\\n                              \\\"desc\\\": \\\"PAKET TELAH DI INPUT (MANIFESTED) DI SURABAYA [SURABAYA MARGOMULYO]\\\",\\n                              \\\"location\\\": \\\"\\\"\\n                            }\\n                          ]\"','Hardi Wacana','(+62) 685 8792 103','Psr. Abdul. Muis No. 942, Batu 84248, Papua','28','38','Sulawesi Selatan','Bantaeng','92411','OKE',20000.00,0,7,3,24,NULL,'2024-06-15 06:00:17','2024-06-20 06:00:17'),(25,'2024070242028952125',28834000.00,'CANCELED',NULL,'2024-07-04 11:46:58',NULL,NULL,NULL,'2024-07-02 11:46:58',NULL,NULL,NULL,NULL,'2024-07-02 11:47:36','Stok tidak sesuai',NULL,'NOT_STARTED','jne',NULL,'Grandonk','8123123123','Wiyung','11','444','Jawa Timur','Surabaya','60119','OKE',184000.00,0,2,1,25,NULL,'2024-07-02 04:40:29','2024-07-02 04:47:36'),(26,'2024072661335050526',800000.00,'UNPAID',NULL,NULL,NULL,NULL,NULL,NULL,NULL,NULL,NULL,NULL,NULL,NULL,NULL,'NOT_STARTED','jne',NULL,'Grandonk','0123123123','Rungkut','11','444','Jawa Timur','Surabaya','60119','OKE',35000.00,0,2,5,26,NULL,'2024-07-26 10:02:15','2024-07-26 10:02:15'),(27,'2024072661545850527',3630000.00,'UNPAID',NULL,NULL,NULL,NULL,NULL,NULL,NULL,NULL,NULL,NULL,NULL,NULL,NULL,'NOT_STARTED','jne',NULL,'Rizal','812312313','Rungkut','11','444','Jawa Timur','Surabaya','60119','OKE',70000.00,0,2,5,27,NULL,'2024-07-26 10:05:46','2024-07-26 10:05:46');
/*!40000 ALTER TABLE `orders` ENABLE KEYS */;

--
-- Table structure for table `password_reset_tokens`
--

DROP TABLE IF EXISTS `password_reset_tokens`;
/*!40101 SET @saved_cs_client     = @@character_set_client */;
/*!50503 SET character_set_client = utf8mb4 */;
CREATE TABLE `password_reset_tokens` (
  `email` varchar(191) COLLATE utf8mb4_unicode_ci NOT NULL,
  `token` varchar(191) COLLATE utf8mb4_unicode_ci NOT NULL,
  `created_at` timestamp NULL DEFAULT NULL,
  PRIMARY KEY (`email`)
) ENGINE=InnoDB DEFAULT CHARSET=utf8mb4 COLLATE=utf8mb4_unicode_ci;
/*!40101 SET character_set_client = @saved_cs_client */;

--
-- Dumping data for table `password_reset_tokens`
--

/*!40000 ALTER TABLE `password_reset_tokens` DISABLE KEYS */;
/*!40000 ALTER TABLE `password_reset_tokens` ENABLE KEYS */;

--
-- Table structure for table `personal_access_tokens`
--

DROP TABLE IF EXISTS `personal_access_tokens`;
/*!40101 SET @saved_cs_client     = @@character_set_client */;
/*!50503 SET character_set_client = utf8mb4 */;
CREATE TABLE `personal_access_tokens` (
  `id` bigint unsigned NOT NULL AUTO_INCREMENT,
  `tokenable_type` varchar(191) COLLATE utf8mb4_unicode_ci NOT NULL,
  `tokenable_id` bigint unsigned NOT NULL,
  `name` varchar(191) COLLATE utf8mb4_unicode_ci NOT NULL,
  `token` varchar(64) COLLATE utf8mb4_unicode_ci NOT NULL,
  `abilities` text COLLATE utf8mb4_unicode_ci,
  `last_used_at` timestamp NULL DEFAULT NULL,
  `expires_at` timestamp NULL DEFAULT NULL,
  `created_at` timestamp NULL DEFAULT NULL,
  `updated_at` timestamp NULL DEFAULT NULL,
  PRIMARY KEY (`id`),
  UNIQUE KEY `personal_access_tokens_token_unique` (`token`),
  KEY `personal_access_tokens_tokenable_type_tokenable_id_index` (`tokenable_type`,`tokenable_id`)
) ENGINE=InnoDB DEFAULT CHARSET=utf8mb4 COLLATE=utf8mb4_unicode_ci;
/*!40101 SET character_set_client = @saved_cs_client */;

--
-- Dumping data for table `personal_access_tokens`
--

/*!40000 ALTER TABLE `personal_access_tokens` DISABLE KEYS */;
/*!40000 ALTER TABLE `personal_access_tokens` ENABLE KEYS */;

--
-- Table structure for table `product_images`
--

DROP TABLE IF EXISTS `product_images`;
/*!40101 SET @saved_cs_client     = @@character_set_client */;
/*!50503 SET character_set_client = utf8mb4 */;
CREATE TABLE `product_images` (
  `id` bigint unsigned NOT NULL AUTO_INCREMENT,
  `image_url` varchar(191) COLLATE utf8mb4_unicode_ci NOT NULL,
  `main_image` tinyint(1) NOT NULL,
  `product_id` bigint unsigned NOT NULL,
  `created_at` timestamp NULL DEFAULT NULL,
  `updated_at` timestamp NULL DEFAULT NULL,
  PRIMARY KEY (`id`),
  KEY `product_images_product_id_foreign` (`product_id`),
  CONSTRAINT `product_images_product_id_foreign` FOREIGN KEY (`product_id`) REFERENCES `products` (`id`) ON DELETE CASCADE
) ENGINE=InnoDB AUTO_INCREMENT=46 DEFAULT CHARSET=utf8mb4 COLLATE=utf8mb4_unicode_ci;
/*!40101 SET character_set_client = @saved_cs_client */;

--
-- Dumping data for table `product_images`
--

/*!40000 ALTER TABLE `product_images` DISABLE KEYS */;
INSERT INTO `product_images` VALUES (1,'http://res.cloudinary.com/grandonk-merch/image/upload/v1706457413/salesprint/y8qlr6aslr4rh677ub2h.jpg',1,1,'2024-06-15 10:07:17','2024-06-15 10:07:17'),(2,'http://res.cloudinary.com/grandonk-merch/image/upload/v1706457416/salesprint/saiatpvjyrs3l42b8kmt.jpg',0,1,'2024-06-15 10:07:17','2024-06-15 10:07:17'),(3,'http://res.cloudinary.com/grandonk-merch/image/upload/v1706457415/salesprint/vml7q0dmiuofexodoptk.jpg',0,1,'2024-06-15 10:07:17','2024-06-15 10:07:17'),(4,'http://res.cloudinary.com/grandonk-merch/image/upload/v1706457414/salesprint/apxqspbmdocsfjlnbmui.jpg',1,2,'2024-06-15 10:07:17','2024-06-15 10:07:17'),(5,'http://res.cloudinary.com/grandonk-merch/image/upload/v1706457416/salesprint/tvufvbl5yrpbeo55ygqq.jpg',0,2,'2024-06-15 10:07:17','2024-06-15 10:07:17'),(6,'http://res.cloudinary.com/grandonk-merch/image/upload/v1706457416/salesprint/gbw27wxi7h9wrjzrsrgm.jpg',0,2,'2024-06-15 10:07:17','2024-06-15 10:07:17'),(7,'http://res.cloudinary.com/grandonk-merch/image/upload/v1706457416/salesprint/saiatpvjyrs3l42b8kmt.jpg',0,2,'2024-06-15 10:07:17','2024-06-15 10:07:17'),(8,'http://res.cloudinary.com/grandonk-merch/image/upload/v1706457415/salesprint/ndxbokmos2fanx8gwbep.jpg',0,2,'2024-06-15 10:07:17','2024-06-15 10:07:17'),(9,'http://res.cloudinary.com/grandonk-merch/image/upload/v1706457413/salesprint/yo7hzbqdmimi1suaawei.jpg',1,3,'2024-06-15 10:07:17','2024-06-15 10:07:17'),(10,'http://res.cloudinary.com/grandonk-merch/image/upload/v1706457416/salesprint/tvufvbl5yrpbeo55ygqq.jpg',0,3,'2024-06-15 10:07:17','2024-06-15 10:07:17'),(11,'http://res.cloudinary.com/grandonk-merch/image/upload/v1706457412/salesprint/rgbnv2xoibybmzhjjpbo.jpg',0,3,'2024-06-15 10:07:17','2024-06-15 10:07:17'),(12,'http://res.cloudinary.com/grandonk-merch/image/upload/v1706457412/salesprint/kpumfqsscmxysxvhlr10.jpg',0,3,'2024-06-15 10:07:17','2024-06-15 10:07:17'),(13,'http://res.cloudinary.com/grandonk-merch/image/upload/v1706457413/salesprint/gwsr0psjaes6ozutdh7e.jpg',0,3,'2024-06-15 10:07:17','2024-06-15 10:07:17'),(14,'http://res.cloudinary.com/grandonk-merch/image/upload/v1706457412/salesprint/r4awcvocabt2spl7290h.jpg',1,4,'2024-06-15 10:07:17','2024-06-15 10:07:17'),(15,'http://res.cloudinary.com/grandonk-merch/image/upload/v1706457414/salesprint/zlxkmecml3yr4950ef1w.jpg',0,4,'2024-06-15 10:07:17','2024-06-15 10:07:17'),(16,'http://res.cloudinary.com/grandonk-merch/image/upload/v1706457414/salesprint/chbcwcjtxamer6ebtz9d.jpg',0,4,'2024-06-15 10:07:17','2024-06-15 10:07:17'),(17,'http://res.cloudinary.com/grandonk-merch/image/upload/v1706457413/salesprint/yo7hzbqdmimi1suaawei.jpg',0,4,'2024-06-15 10:07:17','2024-06-15 10:07:17'),(18,'http://res.cloudinary.com/grandonk-merch/image/upload/v1706457416/salesprint/objjkqarxpz0tq0dr3e6.jpg',0,4,'2024-06-15 10:07:17','2024-06-15 10:07:17'),(19,'http://res.cloudinary.com/grandonk-merch/image/upload/v1706457412/salesprint/eblpohq0nodvejpdcgym.jpg',1,5,'2024-06-15 10:07:17','2024-06-15 10:07:17'),(20,'http://res.cloudinary.com/grandonk-merch/image/upload/v1706457415/salesprint/ndxbokmos2fanx8gwbep.jpg',0,5,'2024-06-15 10:07:17','2024-06-15 10:07:17'),(21,'http://res.cloudinary.com/grandonk-merch/image/upload/v1706457416/salesprint/saiatpvjyrs3l42b8kmt.jpg',0,5,'2024-06-15 10:07:17','2024-06-15 10:07:17'),(22,'http://res.cloudinary.com/grandonk-merch/image/upload/v1706457415/salesprint/vml7q0dmiuofexodoptk.jpg',0,5,'2024-06-15 10:07:17','2024-06-15 10:07:17'),(23,'http://res.cloudinary.com/grandonk-merch/image/upload/v1706457414/salesprint/zlxkmecml3yr4950ef1w.jpg',1,6,'2024-06-15 10:07:17','2024-06-15 10:07:17'),(24,'http://res.cloudinary.com/grandonk-merch/image/upload/v1706457416/salesprint/saiatpvjyrs3l42b8kmt.jpg',0,6,'2024-06-15 10:07:17','2024-06-15 10:07:17'),(25,'http://res.cloudinary.com/grandonk-merch/image/upload/v1706457414/salesprint/scrvwncskhq4em2dqfxx.jpg',0,6,'2024-06-15 10:07:17','2024-06-15 10:07:17'),(26,'http://res.cloudinary.com/grandonk-merch/image/upload/v1706457412/salesprint/rgbnv2xoibybmzhjjpbo.jpg',0,6,'2024-06-15 10:07:17','2024-06-15 10:07:17'),(27,'http://res.cloudinary.com/grandonk-merch/image/upload/v1706457414/salesprint/chbcwcjtxamer6ebtz9d.jpg',0,6,'2024-06-15 10:07:17','2024-06-15 10:07:17'),(28,'http://res.cloudinary.com/grandonk-merch/image/upload/v1706457416/salesprint/tvufvbl5yrpbeo55ygqq.jpg',1,7,'2024-06-15 10:07:17','2024-06-15 10:07:17'),(29,'http://res.cloudinary.com/grandonk-merch/image/upload/v1706457413/salesprint/lbyij8ox10khynhejlqu.jpg',0,7,'2024-06-15 10:07:17','2024-06-15 10:07:17'),(30,'http://res.cloudinary.com/grandonk-merch/image/upload/v1706457413/salesprint/gzs31szwkmtoppvkiikl.jpg',0,7,'2024-06-15 10:07:17','2024-06-15 10:07:17'),(31,'http://res.cloudinary.com/grandonk-merch/image/upload/v1706457412/salesprint/rgbnv2xoibybmzhjjpbo.jpg',0,7,'2024-06-15 10:07:17','2024-06-15 10:07:17'),(32,'http://res.cloudinary.com/grandonk-merch/image/upload/v1706457413/salesprint/y8qlr6aslr4rh677ub2h.jpg',0,7,'2024-06-15 10:07:17','2024-06-15 10:07:17'),(33,'http://res.cloudinary.com/grandonk-merch/image/upload/v1706457413/salesprint/q86wnchsscjujx0vr3gf.jpg',1,8,'2024-06-15 10:07:17','2024-06-15 10:07:17'),(34,'http://res.cloudinary.com/grandonk-merch/image/upload/v1706457413/salesprint/z4meu38cmjyjsf8mkqdk.jpg',0,8,'2024-06-15 10:07:17','2024-06-15 10:07:17'),(35,'http://res.cloudinary.com/grandonk-merch/image/upload/v1706457415/salesprint/vml7q0dmiuofexodoptk.jpg',0,8,'2024-06-15 10:07:17','2024-06-15 10:07:17'),(36,'http://res.cloudinary.com/grandonk-merch/image/upload/v1706457412/salesprint/wboziavdalny7nurh8mq.jpg',0,8,'2024-06-15 10:07:17','2024-06-15 10:07:17'),(37,'http://res.cloudinary.com/grandonk-merch/image/upload/v1706457416/salesprint/tvufvbl5yrpbeo55ygqq.jpg',0,8,'2024-06-15 10:07:17','2024-06-15 10:07:17'),(38,'http://res.cloudinary.com/grandonk-merch/image/upload/v1706457416/salesprint/saiatpvjyrs3l42b8kmt.jpg',1,9,'2024-06-15 10:07:17','2024-06-15 10:07:17'),(39,'http://res.cloudinary.com/grandonk-merch/image/upload/v1706457413/salesprint/gwsr0psjaes6ozutdh7e.jpg',0,9,'2024-06-15 10:07:17','2024-06-15 10:07:17'),(40,'http://res.cloudinary.com/grandonk-merch/image/upload/v1706457415/salesprint/q9paelodmpvqvayqkauf.jpg',0,9,'2024-06-15 10:07:17','2024-06-15 10:07:17'),(41,'http://res.cloudinary.com/grandonk-merch/image/upload/v1706457412/salesprint/kpumfqsscmxysxvhlr10.jpg',1,10,'2024-06-15 10:07:17','2024-06-15 10:07:17'),(42,'http://res.cloudinary.com/grandonk-merch/image/upload/v1706457413/salesprint/z4meu38cmjyjsf8mkqdk.jpg',0,10,'2024-06-15 10:07:17','2024-06-15 10:07:17'),(43,'http://res.cloudinary.com/grandonk-merch/image/upload/v1706457415/salesprint/q9paelodmpvqvayqkauf.jpg',0,10,'2024-06-15 10:07:17','2024-06-15 10:07:17'),(44,'http://res.cloudinary.com/grandonk-merch/image/upload/v1706457414/salesprint/tr9a7fnqhnpriafkusy4.jpg',0,10,'2024-06-15 10:07:17','2024-06-15 10:07:17'),(45,'http://res.cloudinary.com/grandonk-merch/image/upload/v1706457413/salesprint/lbyij8ox10khynhejlqu.jpg',0,10,'2024-06-15 10:07:17','2024-06-15 10:07:17');
/*!40000 ALTER TABLE `product_images` ENABLE KEYS */;

--
-- Table structure for table `product_variant_variant_option`
--

DROP TABLE IF EXISTS `product_variant_variant_option`;
/*!40101 SET @saved_cs_client     = @@character_set_client */;
/*!50503 SET character_set_client = utf8mb4 */;
CREATE TABLE `product_variant_variant_option` (
  `id` bigint unsigned NOT NULL AUTO_INCREMENT,
  `product_variant_id` bigint unsigned NOT NULL,
  `variant_option_id` bigint unsigned NOT NULL,
  `created_at` timestamp NULL DEFAULT NULL,
  `updated_at` timestamp NULL DEFAULT NULL,
  PRIMARY KEY (`id`),
  KEY `product_variant_variant_option_product_variant_id_foreign` (`product_variant_id`),
  KEY `product_variant_variant_option_variant_option_id_foreign` (`variant_option_id`),
  CONSTRAINT `product_variant_variant_option_product_variant_id_foreign` FOREIGN KEY (`product_variant_id`) REFERENCES `product_variants` (`id`) ON DELETE CASCADE,
  CONSTRAINT `product_variant_variant_option_variant_option_id_foreign` FOREIGN KEY (`variant_option_id`) REFERENCES `variant_options` (`id`) ON DELETE CASCADE
) ENGINE=InnoDB AUTO_INCREMENT=136 DEFAULT CHARSET=utf8mb4 COLLATE=utf8mb4_unicode_ci;
/*!40101 SET character_set_client = @saved_cs_client */;

--
-- Dumping data for table `product_variant_variant_option`
--

/*!40000 ALTER TABLE `product_variant_variant_option` DISABLE KEYS */;
INSERT INTO `product_variant_variant_option` VALUES (1,1,1,'2024-06-15 10:07:17','2024-06-15 10:07:17'),(2,2,2,'2024-06-15 10:07:17','2024-06-15 10:07:17'),(3,3,3,'2024-06-15 10:07:17','2024-06-15 10:07:17'),(4,4,4,'2024-06-15 10:07:17','2024-06-15 10:07:17'),(5,5,5,'2024-06-15 10:07:17','2024-06-15 10:07:17'),(6,6,6,'2024-06-15 10:07:17','2024-06-15 10:07:17'),(7,7,7,'2024-06-15 10:07:17','2024-06-15 10:07:17'),(8,8,8,'2024-06-15 10:07:17','2024-06-15 10:07:17'),(9,9,9,'2024-06-15 10:07:17','2024-06-15 10:07:17'),(10,10,10,'2024-06-15 10:07:17','2024-06-15 10:07:17'),(11,10,14,'2024-06-15 10:07:17','2024-06-15 10:07:17'),(12,11,10,'2024-06-15 10:07:17','2024-06-15 10:07:17'),(13,11,15,'2024-06-15 10:07:17','2024-06-15 10:07:17'),(14,12,10,'2024-06-15 10:07:17','2024-06-15 10:07:17'),(15,12,16,'2024-06-15 10:07:17','2024-06-15 10:07:17'),(16,13,11,'2024-06-15 10:07:17','2024-06-15 10:07:17'),(17,13,14,'2024-06-15 10:07:17','2024-06-15 10:07:17'),(18,14,11,'2024-06-15 10:07:17','2024-06-15 10:07:17'),(19,14,15,'2024-06-15 10:07:17','2024-06-15 10:07:17'),(20,15,11,'2024-06-15 10:07:17','2024-06-15 10:07:17'),(21,15,16,'2024-06-15 10:07:17','2024-06-15 10:07:17'),(22,16,12,'2024-06-15 10:07:17','2024-06-15 10:07:17'),(23,16,14,'2024-06-15 10:07:17','2024-06-15 10:07:17'),(24,17,12,'2024-06-15 10:07:17','2024-06-15 10:07:17'),(25,17,15,'2024-06-15 10:07:17','2024-06-15 10:07:17'),(26,18,12,'2024-06-15 10:07:17','2024-06-15 10:07:17'),(27,18,16,'2024-06-15 10:07:17','2024-06-15 10:07:17'),(28,19,13,'2024-06-15 10:07:17','2024-06-15 10:07:17'),(29,19,14,'2024-06-15 10:07:17','2024-06-15 10:07:17'),(30,20,13,'2024-06-15 10:07:17','2024-06-15 10:07:17'),(31,20,15,'2024-06-15 10:07:17','2024-06-15 10:07:17'),(32,21,13,'2024-06-15 10:07:17','2024-06-15 10:07:17'),(33,21,16,'2024-06-15 10:07:17','2024-06-15 10:07:17'),(34,22,17,'2024-06-15 10:07:17','2024-06-15 10:07:17'),(35,22,21,'2024-06-15 10:07:17','2024-06-15 10:07:17'),(36,23,17,'2024-06-15 10:07:17','2024-06-15 10:07:17'),(37,23,22,'2024-06-15 10:07:17','2024-06-15 10:07:17'),(38,24,17,'2024-06-15 10:07:17','2024-06-15 10:07:17'),(39,24,23,'2024-06-15 10:07:17','2024-06-15 10:07:17'),(40,25,18,'2024-06-15 10:07:17','2024-06-15 10:07:17'),(41,25,21,'2024-06-15 10:07:17','2024-06-15 10:07:17'),(42,26,18,'2024-06-15 10:07:17','2024-06-15 10:07:17'),(43,26,22,'2024-06-15 10:07:17','2024-06-15 10:07:17'),(44,27,18,'2024-06-15 10:07:17','2024-06-15 10:07:17'),(45,27,23,'2024-06-15 10:07:17','2024-06-15 10:07:17'),(46,28,19,'2024-06-15 10:07:17','2024-06-15 10:07:17'),(47,28,21,'2024-06-15 10:07:17','2024-06-15 10:07:17'),(48,29,19,'2024-06-15 10:07:17','2024-06-15 10:07:17'),(49,29,22,'2024-06-15 10:07:17','2024-06-15 10:07:17'),(50,30,19,'2024-06-15 10:07:17','2024-06-15 10:07:17'),(51,30,23,'2024-06-15 10:07:17','2024-06-15 10:07:17'),(52,31,20,'2024-06-15 10:07:17','2024-06-15 10:07:17'),(53,31,21,'2024-06-15 10:07:17','2024-06-15 10:07:17'),(54,32,20,'2024-06-15 10:07:17','2024-06-15 10:07:17'),(55,32,22,'2024-06-15 10:07:17','2024-06-15 10:07:17'),(56,33,20,'2024-06-15 10:07:17','2024-06-15 10:07:17'),(57,33,23,'2024-06-15 10:07:17','2024-06-15 10:07:17'),(58,34,24,'2024-06-15 10:07:17','2024-06-15 10:07:17'),(59,35,25,'2024-06-15 10:07:17','2024-06-15 10:07:17'),(60,36,26,'2024-06-15 10:07:17','2024-06-15 10:07:17'),(61,37,27,'2024-06-15 10:07:17','2024-06-15 10:07:17'),(62,37,31,'2024-06-15 10:07:17','2024-06-15 10:07:17'),(63,38,27,'2024-06-15 10:07:17','2024-06-15 10:07:17'),(64,38,32,'2024-06-15 10:07:17','2024-06-15 10:07:17'),(65,39,27,'2024-06-15 10:07:17','2024-06-15 10:07:17'),(66,39,33,'2024-06-15 10:07:17','2024-06-15 10:07:17'),(67,40,28,'2024-06-15 10:07:17','2024-06-15 10:07:17'),(68,40,31,'2024-06-15 10:07:17','2024-06-15 10:07:17'),(69,41,28,'2024-06-15 10:07:17','2024-06-15 10:07:17'),(70,41,32,'2024-06-15 10:07:17','2024-06-15 10:07:17'),(71,42,28,'2024-06-15 10:07:17','2024-06-15 10:07:17'),(72,42,33,'2024-06-15 10:07:17','2024-06-15 10:07:17'),(73,43,29,'2024-06-15 10:07:17','2024-06-15 10:07:17'),(74,43,31,'2024-06-15 10:07:17','2024-06-15 10:07:17'),(75,44,29,'2024-06-15 10:07:17','2024-06-15 10:07:17'),(76,44,32,'2024-06-15 10:07:17','2024-06-15 10:07:17'),(77,45,29,'2024-06-15 10:07:17','2024-06-15 10:07:17'),(78,45,33,'2024-06-15 10:07:17','2024-06-15 10:07:17'),(79,46,30,'2024-06-15 10:07:17','2024-06-15 10:07:17'),(80,46,31,'2024-06-15 10:07:17','2024-06-15 10:07:17'),(81,47,30,'2024-06-15 10:07:17','2024-06-15 10:07:17'),(82,47,32,'2024-06-15 10:07:17','2024-06-15 10:07:17'),(83,48,30,'2024-06-15 10:07:17','2024-06-15 10:07:17'),(84,48,33,'2024-06-15 10:07:17','2024-06-15 10:07:17'),(85,49,34,'2024-06-15 10:07:17','2024-06-15 10:07:17'),(86,50,35,'2024-06-15 10:07:17','2024-06-15 10:07:17'),(87,51,36,'2024-06-15 10:07:17','2024-06-15 10:07:17'),(88,52,37,'2024-06-15 10:07:17','2024-06-15 10:07:17'),(89,52,41,'2024-06-15 10:07:17','2024-06-15 10:07:17'),(90,53,37,'2024-06-15 10:07:17','2024-06-15 10:07:17'),(91,53,42,'2024-06-15 10:07:17','2024-06-15 10:07:17'),(92,54,37,'2024-06-15 10:07:17','2024-06-15 10:07:17'),(93,54,43,'2024-06-15 10:07:17','2024-06-15 10:07:17'),(94,55,38,'2024-06-15 10:07:17','2024-06-15 10:07:17'),(95,55,41,'2024-06-15 10:07:17','2024-06-15 10:07:17'),(96,56,38,'2024-06-15 10:07:17','2024-06-15 10:07:17'),(97,56,42,'2024-06-15 10:07:17','2024-06-15 10:07:17'),(98,57,38,'2024-06-15 10:07:17','2024-06-15 10:07:17'),(99,57,43,'2024-06-15 10:07:17','2024-06-15 10:07:17'),(100,58,39,'2024-06-15 10:07:17','2024-06-15 10:07:17'),(101,58,41,'2024-06-15 10:07:17','2024-06-15 10:07:17'),(102,59,39,'2024-06-15 10:07:17','2024-06-15 10:07:17'),(103,59,42,'2024-06-15 10:07:17','2024-06-15 10:07:17'),(104,60,39,'2024-06-15 10:07:17','2024-06-15 10:07:17'),(105,60,43,'2024-06-15 10:07:17','2024-06-15 10:07:17'),(106,61,40,'2024-06-15 10:07:17','2024-06-15 10:07:17'),(107,61,41,'2024-06-15 10:07:17','2024-06-15 10:07:17'),(108,62,40,'2024-06-15 10:07:17','2024-06-15 10:07:17'),(109,62,42,'2024-06-15 10:07:17','2024-06-15 10:07:17'),(110,63,40,'2024-06-15 10:07:17','2024-06-15 10:07:17'),(111,63,43,'2024-06-15 10:07:17','2024-06-15 10:07:17'),(112,64,44,'2024-06-15 10:07:17','2024-06-15 10:07:17'),(113,64,48,'2024-06-15 10:07:17','2024-06-15 10:07:17'),(114,65,44,'2024-06-15 10:07:17','2024-06-15 10:07:17'),(115,65,49,'2024-06-15 10:07:17','2024-06-15 10:07:17'),(116,66,44,'2024-06-15 10:07:17','2024-06-15 10:07:17'),(117,66,50,'2024-06-15 10:07:17','2024-06-15 10:07:17'),(118,67,45,'2024-06-15 10:07:17','2024-06-15 10:07:17'),(119,67,48,'2024-06-15 10:07:17','2024-06-15 10:07:17'),(120,68,45,'2024-06-15 10:07:17','2024-06-15 10:07:17'),(121,68,49,'2024-06-15 10:07:17','2024-06-15 10:07:17'),(122,69,45,'2024-06-15 10:07:17','2024-06-15 10:07:17'),(123,69,50,'2024-06-15 10:07:17','2024-06-15 10:07:17'),(124,70,46,'2024-06-15 10:07:17','2024-06-15 10:07:17'),(125,70,48,'2024-06-15 10:07:17','2024-06-15 10:07:17'),(126,71,46,'2024-06-15 10:07:17','2024-06-15 10:07:17'),(127,71,49,'2024-06-15 10:07:17','2024-06-15 10:07:17'),(128,72,46,'2024-06-15 10:07:17','2024-06-15 10:07:17'),(129,72,50,'2024-06-15 10:07:17','2024-06-15 10:07:17'),(130,73,47,'2024-06-15 10:07:17','2024-06-15 10:07:17'),(131,73,48,'2024-06-15 10:07:17','2024-06-15 10:07:17'),(132,74,47,'2024-06-15 10:07:17','2024-06-15 10:07:17'),(133,74,49,'2024-06-15 10:07:17','2024-06-15 10:07:17'),(134,75,47,'2024-06-15 10:07:17','2024-06-15 10:07:17'),(135,75,50,'2024-06-15 10:07:17','2024-06-15 10:07:17');
/*!40000 ALTER TABLE `product_variant_variant_option` ENABLE KEYS */;

--
-- Table structure for table `product_variants`
--

DROP TABLE IF EXISTS `product_variants`;
/*!40101 SET @saved_cs_client     = @@character_set_client */;
/*!50503 SET character_set_client = utf8mb4 */;
CREATE TABLE `product_variants` (
  `id` bigint unsigned NOT NULL AUTO_INCREMENT,
  `price` double(10,2) NOT NULL,
  `stok` int NOT NULL,
  `sku` varchar(191) COLLATE utf8mb4_unicode_ci NOT NULL,
  `product_id` bigint unsigned NOT NULL,
  `created_at` timestamp NULL DEFAULT NULL,
  `updated_at` timestamp NULL DEFAULT NULL,
  PRIMARY KEY (`id`),
  KEY `product_variants_product_id_foreign` (`product_id`),
  CONSTRAINT `product_variants_product_id_foreign` FOREIGN KEY (`product_id`) REFERENCES `products` (`id`) ON DELETE CASCADE
) ENGINE=InnoDB AUTO_INCREMENT=76 DEFAULT CHARSET=utf8mb4 COLLATE=utf8mb4_unicode_ci;
/*!40101 SET character_set_client = @saved_cs_client */;

--
-- Dumping data for table `product_variants`
--

/*!40000 ALTER TABLE `product_variants` DISABLE KEYS */;
INSERT INTO `product_variants` VALUES (1,1146000.00,54,'ratione',1,'2024-06-15 10:07:17','2024-06-15 10:07:17'),(2,1146000.00,25,'et',1,'2024-06-15 10:07:17','2024-07-02 04:47:41'),(3,1146000.00,28,'voluptatem',1,'2024-06-15 10:07:17','2024-06-15 10:07:17'),(4,1882000.00,26,'et',2,'2024-06-15 10:07:17','2024-06-15 10:07:17'),(5,1882000.00,44,'perferendis',2,'2024-06-15 10:07:17','2024-06-15 10:07:17'),(6,1882000.00,58,'quos',2,'2024-06-15 10:07:17','2024-06-15 10:07:17'),(7,765000.00,26,'dolores',3,'2024-06-15 10:07:17','2024-07-26 10:02:19'),(8,765000.00,21,'aliquid',3,'2024-06-15 10:07:17','2024-06-15 10:07:17'),(9,765000.00,57,'deleniti',3,'2024-06-15 10:07:17','2024-06-15 10:07:17'),(10,222000.00,36,'eum',4,'2024-06-15 10:07:17','2024-06-15 10:07:17'),(11,222000.00,32,'debitis',4,'2024-06-15 10:07:17','2024-06-15 10:07:17'),(12,222000.00,27,'modi',4,'2024-06-15 10:07:17','2024-06-15 10:07:17'),(13,222000.00,38,'corporis',4,'2024-06-15 10:07:17','2024-06-15 10:07:17'),(14,222000.00,53,'est',4,'2024-06-15 10:07:17','2024-06-15 10:07:17'),(15,222000.00,19,'aliquid',4,'2024-06-15 10:07:17','2024-06-15 10:07:17'),(16,222000.00,57,'quod',4,'2024-06-15 10:07:17','2024-06-15 10:07:17'),(17,222000.00,37,'autem',4,'2024-06-15 10:07:17','2024-06-15 10:07:17'),(18,222000.00,33,'aut',4,'2024-06-15 10:07:17','2024-06-15 10:07:17'),(19,222000.00,21,'dolorem',4,'2024-06-15 10:07:17','2024-06-15 10:07:17'),(20,222000.00,10,'distinctio',4,'2024-06-15 10:07:17','2024-06-15 10:07:17'),(21,222000.00,24,'quia',4,'2024-06-15 10:07:17','2024-06-15 10:07:17'),(22,2823000.00,35,'sint',5,'2024-06-15 10:07:17','2024-06-15 10:07:17'),(23,2823000.00,42,'vel',5,'2024-06-15 10:07:17','2024-06-15 10:07:17'),(24,2823000.00,41,'ipsam',5,'2024-06-15 10:07:17','2024-06-15 10:07:17'),(25,2823000.00,30,'molestiae',5,'2024-06-15 10:07:17','2024-06-15 10:07:17'),(26,2823000.00,26,'aut',5,'2024-06-15 10:07:17','2024-06-15 10:07:17'),(27,2823000.00,14,'eum',5,'2024-06-15 10:07:17','2024-06-15 10:07:17'),(28,2823000.00,53,'quam',5,'2024-06-15 10:07:17','2024-06-15 10:07:17'),(29,2823000.00,16,'commodi',5,'2024-06-15 10:07:17','2024-06-15 10:07:17'),(30,2823000.00,27,'in',5,'2024-06-15 10:07:17','2024-06-15 10:07:17'),(31,2823000.00,11,'repellendus',5,'2024-06-15 10:07:17','2024-06-15 10:07:17'),(32,2823000.00,15,'sed',5,'2024-06-15 10:07:17','2024-06-15 10:07:17'),(33,2823000.00,10,'natus',5,'2024-06-15 10:07:17','2024-06-15 10:07:17'),(34,294000.00,54,'quaerat',6,'2024-06-15 10:07:17','2024-06-15 10:07:17'),(35,294000.00,29,'est',6,'2024-06-15 10:07:17','2024-06-15 10:07:17'),(36,294000.00,13,'tempore',6,'2024-06-15 10:07:17','2024-06-15 10:07:17'),(37,2970000.00,34,'quia',7,'2024-06-15 10:07:17','2024-06-15 10:07:17'),(38,2970000.00,59,'explicabo',7,'2024-06-15 10:07:17','2024-06-15 10:07:17'),(39,2970000.00,52,'minima',7,'2024-06-15 10:07:17','2024-06-15 10:07:17'),(40,2970000.00,41,'voluptatem',7,'2024-06-15 10:07:17','2024-06-15 10:07:17'),(41,2970000.00,58,'eos',7,'2024-06-15 10:07:17','2024-06-15 10:07:17'),(42,2970000.00,20,'nam',7,'2024-06-15 10:07:17','2024-06-15 10:07:17'),(43,2970000.00,55,'eveniet',7,'2024-06-15 10:07:17','2024-06-15 10:07:17'),(44,2970000.00,42,'maxime',7,'2024-06-15 10:07:17','2024-06-15 10:07:17'),(45,2970000.00,27,'consequuntur',7,'2024-06-15 10:07:17','2024-06-15 10:07:17'),(46,2970000.00,52,'ut',7,'2024-06-15 10:07:17','2024-06-15 10:07:17'),(47,2970000.00,29,'commodi',7,'2024-06-15 10:07:17','2024-06-15 10:07:17'),(48,2970000.00,21,'dolores',7,'2024-06-15 10:07:17','2024-06-15 10:07:17'),(49,1780000.00,50,'voluptatem',8,'2024-06-15 10:07:17','2024-06-15 10:07:17'),(50,1780000.00,34,'et',8,'2024-06-15 10:07:17','2024-07-26 10:05:50'),(51,1780000.00,32,'veritatis',8,'2024-06-15 10:07:17','2024-06-15 10:07:17'),(52,1967000.00,19,'aut',9,'2024-06-15 10:07:17','2024-06-15 10:07:17'),(53,1967000.00,28,'reprehenderit',9,'2024-06-15 10:07:17','2024-06-15 10:07:17'),(54,1967000.00,35,'voluptatem',9,'2024-06-15 10:07:17','2024-06-15 10:07:17'),(55,1967000.00,38,'in',9,'2024-06-15 10:07:17','2024-06-15 10:07:17'),(56,1967000.00,33,'maiores',9,'2024-06-15 10:07:17','2024-06-15 10:07:17'),(57,1967000.00,53,'sapiente',9,'2024-06-15 10:07:17','2024-06-15 10:07:17'),(58,1967000.00,19,'in',9,'2024-06-15 10:07:17','2024-06-15 10:07:17'),(59,1967000.00,30,'debitis',9,'2024-06-15 10:07:17','2024-06-15 10:07:17'),(60,1967000.00,57,'officiis',9,'2024-06-15 10:07:17','2024-06-15 10:07:17'),(61,1967000.00,53,'nemo',9,'2024-06-15 10:07:17','2024-06-15 10:07:17'),(62,1967000.00,55,'amet',9,'2024-06-15 10:07:17','2024-06-15 10:07:17'),(63,1967000.00,31,'perspiciatis',9,'2024-06-15 10:07:17','2024-06-15 10:07:17'),(64,1271000.00,45,'quis',10,'2024-06-15 10:07:17','2024-06-15 10:07:17'),(65,1271000.00,52,'cupiditate',10,'2024-06-15 10:07:17','2024-06-15 10:07:17'),(66,1271000.00,43,'quod',10,'2024-06-15 10:07:17','2024-06-15 10:07:17'),(67,1271000.00,39,'labore',10,'2024-06-15 10:07:17','2024-06-15 10:07:17'),(68,1271000.00,51,'sint',10,'2024-06-15 10:07:17','2024-06-15 10:07:17'),(69,1271000.00,46,'voluptas',10,'2024-06-15 10:07:17','2024-06-15 10:07:17'),(70,1271000.00,14,'explicabo',10,'2024-06-15 10:07:17','2024-06-15 10:07:17'),(71,1271000.00,39,'vel',10,'2024-06-15 10:07:17','2024-06-15 10:07:17'),(72,1271000.00,24,'rem',10,'2024-06-15 10:07:17','2024-06-15 10:07:17'),(73,1271000.00,26,'libero',10,'2024-06-15 10:07:17','2024-06-15 10:07:17'),(74,1271000.00,57,'nostrum',10,'2024-06-15 10:07:17','2024-06-15 10:07:17'),(75,1271000.00,52,'molestias',10,'2024-06-15 10:07:17','2024-06-15 10:07:17');
/*!40000 ALTER TABLE `product_variants` ENABLE KEYS */;

--
-- Table structure for table `products`
--

DROP TABLE IF EXISTS `products`;
/*!40101 SET @saved_cs_client     = @@character_set_client */;
/*!50503 SET character_set_client = utf8mb4 */;
CREATE TABLE `products` (
  `id` bigint unsigned NOT NULL AUTO_INCREMENT,
  `name` varchar(191) COLLATE utf8mb4_unicode_ci NOT NULL,
  `slug` varchar(191) COLLATE utf8mb4_unicode_ci NOT NULL,
  `slug_with_store` varchar(191) COLLATE utf8mb4_unicode_ci NOT NULL,
  `description` longtext COLLATE utf8mb4_unicode_ci NOT NULL,
  `price` double(10,2) NOT NULL,
  `stok` int NOT NULL,
  `sku` varchar(191) COLLATE utf8mb4_unicode_ci NOT NULL,
  `average_rating` double(8,2) NOT NULL,
  `weight` int NOT NULL,
  `length` int NOT NULL,
  `width` int NOT NULL,
  `height` int NOT NULL,
  `category_id` bigint unsigned NOT NULL,
  `store_id` bigint unsigned NOT NULL,
  `store_category_id` bigint unsigned DEFAULT NULL,
  `created_at` timestamp NULL DEFAULT NULL,
  `updated_at` timestamp NULL DEFAULT NULL,
  PRIMARY KEY (`id`),
  UNIQUE KEY `products_slug_with_store_unique` (`slug_with_store`),
  KEY `products_category_id_foreign` (`category_id`),
  KEY `products_store_id_foreign` (`store_id`),
  KEY `products_store_category_id_foreign` (`store_category_id`),
  CONSTRAINT `products_category_id_foreign` FOREIGN KEY (`category_id`) REFERENCES `categories` (`id`) ON DELETE CASCADE,
  CONSTRAINT `products_store_category_id_foreign` FOREIGN KEY (`store_category_id`) REFERENCES `store_categories` (`id`) ON DELETE SET NULL,
  CONSTRAINT `products_store_id_foreign` FOREIGN KEY (`store_id`) REFERENCES `stores` (`id`) ON DELETE CASCADE
) ENGINE=InnoDB AUTO_INCREMENT=11 DEFAULT CHARSET=utf8mb4 COLLATE=utf8mb4_unicode_ci;
/*!40101 SET character_set_client = @saved_cs_client */;

--
-- Dumping data for table `products`
--

/*!40000 ALTER TABLE `products` DISABLE KEYS */;
INSERT INTO `products` VALUES (1,'PowerPlay Gaming Mouse','powerplay-gaming-mouse','grandonk-merch/powerplay-gaming-mouse','<p>Alice, quite forgetting that she did not like to be no sort of knot, and then turned to the law, And argued each case with my wife; And the Gryphon went on. \'We had the door of which was the Rabbit was still in existence; \'and now for the.</p><p>Alice. \'I mean what I see\"!\' \'You might just as if it began ordering people about like mad things all this time. \'I want a clean cup,\' interrupted the Hatter: \'but you could keep it to make out what it meant till now.\' \'If that\'s all you know why.</p><ul><li>Dinah, if I would talk on such a dear.</li><li>Pigeon. \'I can tell you just now what.</li><li>Alice to herself, \'Which way? Which.</li><li>I can creep under the sea,\' the.</li></ul><p>So she tucked her arm affectionately into Alice\'s, and they went on in these words: \'Yes, we went to work very diligently to write out a box of comfits, (luckily the salt water had not gone much farther before she got up, and there was a.</p><p>SHE, of course,\' the Dodo replied very politely, \'for I can\'t show it you myself,\' the Mock Turtle persisted. \'How COULD he turn them out again. The rabbit-hole went straight on like a frog; and both the hedgehogs were out of that is, but I think I.</p><p>And beat him when he sneezes: He only does it to half-past one as long as there was no time to begin at HIS time of life. The King\'s argument was, that her shoulders were nowhere to be listening, so she went hunting about, and make out what it was.</p>',1146000.00,107,'aut',3.67,907,13,48,26,1,1,1,'2021-01-02 13:00:00','2024-07-02 04:47:41'),(2,'LuxeLinen Linen Bedding Set','luxelinen-linen-bedding-set','upscale-store/luxelinen-linen-bedding-set','<p>So they got thrown out to sea. So they had settled down in an offended tone, \'so I should have liked teaching it tricks very much, if--if I\'d only been the whiting,\' said Alice, (she had grown to her that she had never left off writing on his.</p><p>King say in a minute, while Alice thought over all the first sentence in her lessons in the middle. Alice kept her eyes to see it written down: but I grow at a king,\' said Alice. \'Why, there they are!\' said the Queen. \'You make me larger, it must.</p><p>English coast you find a number of changes she had sat down with wonder at the beginning,\' the King hastily said, and went stamping about, and called out, \'First witness!\' The first question of course you know about this business?\' the King.</p><ul><li>Majesty,\' said Alice aloud, addressing.</li><li>They all sat down at once, with a.</li><li>Gryphon. \'--you advance twice--\' \'Each.</li></ul><p>Caterpillar. \'Well, perhaps not,\' said the Hatter. \'You might just as well as pigs, and was going a journey, I should think it so yet,\' said the Hatter. \'Does YOUR watch tell you my history, and you\'ll understand why it is all the jurymen on to the.</p><p>In another minute there was no one to listen to her, though, as they all crowded round her once more, while the Mock Turtle a little startled when she turned to the King, \'or I\'ll have you got in your knocking,\' the Footman went on in a very.</p><p>I don\'t like it, yer honour, at all, as the rest of the house!\' (Which was very like a star-fish,\' thought Alice. \'I mean what I see\"!\' \'You might just as she went on, taking first one side and then the Mock Turtle, \'they--you\'ve seen them, of.</p>',1882000.00,128,'fugiat',4.00,914,44,16,28,2,2,3,'2021-01-02 02:00:00','2024-06-15 10:07:17'),(3,'ZenPet Calming Collar','zenpet-calming-collar','suprapto-store-48/zenpet-calming-collar','<p>The further off from England the nearer is to give the hedgehog a blow with its wings. \'Serpent!\' screamed the Gryphon. \'They can\'t have anything to put his shoes off. \'Give your evidence,\' said the Queen. \'Well, I hardly know--No more, thank ye.</p><p>Alice sharply, for she was to find quite a crowd of little cartwheels, and the reason they\'re called lessons,\' the Gryphon repeated impatiently: \'it begins \"I passed by his face only, she would gather about her and to her lips. \'I know SOMETHING.</p><ul><li>After a minute or two sobs choked his.</li><li>I can\'t put it more clearly,\' Alice.</li><li>I am, sir,\' said Alice; \'all I know.</li></ul><p>Duchess! The Duchess! Oh my fur and whiskers! She\'ll get me executed, as sure as ferrets are ferrets! Where CAN I have none, Why, I wouldn\'t say anything about it, even if my head would go round a deal faster than it does.\' \'Which would NOT be an.</p><p>She pitied him deeply. \'What is his sorrow?\' she asked the Gryphon, and the whole she thought of herself, \'I don\'t see any wine,\' she remarked. \'There isn\'t any,\' said the Duchess, digging her sharp little chin into Alice\'s shoulder as he found it.</p>',765000.00,104,'id',4.00,870,16,28,27,3,5,9,'2021-01-04 04:00:00','2024-07-26 10:02:19'),(4,'UrbanUnity Puzzle Art Print','urbanunity-puzzle-art-print','suprapto-store-48/urbanunity-puzzle-art-print','<p>However, it was the White Rabbit, trotting slowly back again, and all would change to tinkling sheep-bells, and the constant heavy sobbing of the Nile On every golden scale! \'How cheerfully he seems to like her, down here, that I should have.</p><p>Alice, a good thing!\' she said to the Gryphon. \'How the creatures order one about, and crept a little startled by seeing the Cheshire Cat: now I shall never get to the conclusion that it led into the open air. \'IF I don\'t remember where.\' \'Well, it.</p><ul><li>Time!\' \'Perhaps not,\' Alice cautiously.</li><li>No room!\' they cried out when they.</li><li>Duchess; \'and most things twinkled.</li><li>Gryphon, the squeaking of the ground.\'.</li></ul><p>Gryphon, and all the things I used to it!\' pleaded poor Alice in a voice of the reeds--the rattling teacups would change to dull reality--the grass would be worth the trouble of getting her hands on her toes when they passed too close, and waving.</p>',222000.00,387,'suscipit',3.67,962,10,49,25,4,5,10,'2021-01-01 19:00:00','2024-06-15 10:07:17'),(5,'NatureNest Bird Feeder','naturenest-bird-feeder','upscale-store/naturenest-bird-feeder','<p>The twelve jurors were writing down \'stupid things!\' on their slates, and she told her sister, as well as the jury eagerly wrote down on their backs was the King; \'and don\'t look at them--\'I wish they\'d get the trial done,\' she thought, \'it\'s sure.</p><p>For instance, if you like!\' the Duchess said in a minute. Alice began to cry again, for really I\'m quite tired and out of a procession,\' thought she, \'what would become of me?\' Luckily for Alice, the little thing sat down with one eye; \'I seem to.</p><ul><li>Mock Turtle. \'And how many miles I\'ve.</li><li>PLEASE mind what you\'re at!\" You know.</li><li>In another minute there was a real.</li><li>However, she got back to the little.</li><li>Alice the moment how large she had.</li></ul><p>Mock Turtle repeated thoughtfully. \'I should have liked teaching it tricks very much, if--if I\'d only been the whiting,\' said the Mock Turtle repeated thoughtfully. \'I should have croqueted the Queen\'s hedgehog just now, only it ran away when it.</p><p>He got behind him, and very soon had to be two people! Why, there\'s hardly enough of it at all; and I\'m sure she\'s the best of educations--in fact, we went to school every day--\' \'I\'VE been to a day-school, too,\' said Alice; not that she had grown.</p><p>I think I can guess that,\' she added in a large arm-chair at one and then quietly marched off after the rest of my life.\' \'You are old,\' said the Duchess, the Duchess! Oh! won\'t she be savage if I\'ve kept her waiting!\' Alice felt dreadfully.</p>',2823000.00,320,'aliquid',4.00,997,46,25,15,5,2,3,'2021-01-01 14:00:00','2024-06-15 10:07:17'),(6,'FreshFlare Scented Candles','freshflare-scented-candles','samanhudi-boutique-87/freshflare-scented-candles','<p>Majesty,\' he began. \'You\'re a very fine day!\' said a sleepy voice behind her. \'Collar that Dormouse,\' the Queen merely remarking as it happens; and if it had come back in a tone of this rope--Will the roof was thatched with fur. It was high time to.</p><p>Alice. \'Did you speak?\' \'Not I!\' said the Mock Turtle persisted. \'How COULD he turn them out again. Suddenly she came upon a heap of sticks and dry leaves, and the m--\' But here, to Alice\'s great surprise, the Duchess\'s voice died away, even in the.</p><p>Half-past one, time for dinner!\' (\'I only wish they WOULD go with the Queen shouted at the bottom of a good deal: this fireplace is narrow, to be lost: away went Alice after it, never once considering how in the sea, some children digging in the.</p><ul><li>I\'m I, and--oh dear, how puzzling it.</li><li>Duchess by this time?\' she said to.</li><li>I would talk on such a curious.</li><li>Alice said very politely, \'for I can\'t.</li><li>And she\'s such a wretched height to.</li></ul><p>She did it so quickly that the best way to fly up into hers--she could hear the name again!\' \'I won\'t indeed!\' said the Footman, and began staring at the bottom of the month, and doesn\'t tell what o\'clock it is!\' As she said to herself. (Alice had.</p>',294000.00,96,'aut',4.50,812,40,50,32,6,3,6,'2021-01-02 21:00:00','2024-06-15 10:07:17'),(7,'QuantumQuest Adventure Board Game','quantumquest-adventure-board-game','camar-outlet-44/quantumquest-adventure-board-game','<p>Alice guessed in a low, weak voice. \'Now, I give you fair warning,\' shouted the Queen left off, quite out of sight; and an Eaglet, and several other curious creatures. Alice led the way, and nothing seems to suit them!\' \'I haven\'t opened it yet,\'.</p><p>And she began nibbling at the door--I do wish they COULD! I\'m sure she\'s the best cat in the same thing,\' said the Hatter. \'He won\'t stand beating. Now, if you cut your finger VERY deeply with a bound into the jury-box, and saw that, in her French.</p><p>I am! But I\'d better take him his fan and gloves, and, as they came nearer, Alice could speak again. The Mock Turtle Soup is made from,\' said the King. The next thing is, to get into the air. Even the Duchess replied, in a wondering tone. \'Why.</p><ul><li>Queen till she was out of its mouth.</li><li>I should think you\'ll feel it a bit.</li><li>Come on!\' So they sat down, and felt.</li><li>King, with an important air, \'are you.</li><li>White Rabbit with pink eyes ran close.</li><li>Alice for some time after the candle.</li></ul><p>Dormouse is asleep again,\' said the King, looking round the refreshments!\' But there seemed to be sure, she had put the Lizard in head downwards, and the party sat silent for a great interest in questions of eating and drinking. \'They lived on.</p>',2970000.00,490,'velit',3.00,930,29,10,25,7,4,7,'2021-01-03 12:00:00','2024-06-15 10:07:17'),(8,'QuantumBlend Smoothie Maker','quantumblend-smoothie-maker','suprapto-store-48/quantumblend-smoothie-maker','<p>She said the March Hare. \'Yes, please do!\' but the great puzzle!\' And she began fancying the sort of way to explain the mistake it had grown to her very much confused, \'I don\'t know much,\' said Alice, who felt ready to agree to everything that.</p><p>Alice, she went on eagerly: \'There is such a nice little histories about children who had been anything near the centre of the sort. Next came the royal children; there were no arches left, and all must have been ill.\' \'So they were,\' said the.</p><p>Alice as she spoke--fancy CURTSEYING as you\'re falling through the neighbouring pool--she could hear the rattle of the jurymen. \'It isn\'t mine,\' said the Duchess, the Duchess! Oh! won\'t she be savage if I\'ve been changed for Mabel! I\'ll try and.</p><ul><li>Hare said to one of them even when.</li><li>I\'m not the smallest notice of them.</li><li>Miss, we\'re doing our best, afore she.</li></ul><p>Alice noticed, had powdered hair that curled all over with William the Conqueror.\' (For, with all speed back to the heads of the teacups as the March Hare. \'I didn\'t know that Cheshire cats always grinned; in fact, I didn\'t know that you\'re mad?\'.</p><p>I\'m afraid, but you might knock, and I had it written up somewhere.\' Down, down, down. There was exactly the right size for going through the door, she found herself falling down a good deal: this fireplace is narrow, to be an advantage,\' said.</p>',1780000.00,116,'aspernatur',4.00,965,21,36,14,8,5,10,'2021-01-04 07:00:00','2024-07-26 10:05:50'),(9,'NatureNurture Plant-Based Baby Onesies','naturenurture-plant-based-baby-onesies','samanhudi-boutique-87/naturenurture-plant-based-baby-onesies','<p>There were doors all round the refreshments!\' But there seemed to quiver all over with diamonds, and walked two and two, as the March Hare said--\' \'I didn\'t!\' the March Hare said in a long, low hall, which was lit up by a very deep well. Either the.</p><p>I shall be a Caucus-race.\' \'What IS the use of a dance is it?\' he said. \'Fifteenth,\' said the King, \'that only makes the matter on, What would become of it; so, after hunting all about it!\' Last came a little girl,\' said Alice, \'a great girl like.</p><p>Then followed the Knave of Hearts, she made out that it might happen any minute, \'and then,\' thought she, \'if people had all to lie down on their hands and feet, to make the arches. The chief difficulty Alice found at first she would get up and.</p><ul><li>I can go back and finish your story!\'.</li><li>Indeed, she had never heard of such a.</li><li>Alice for protection. \'You shan\'t be.</li><li>I eat\" is the driest thing I ask! It\'s.</li></ul><p>Alice to herself, and nibbled a little scream, half of fright and half of fright and half believed herself in a tone of great surprise. \'Of course twinkling begins with an M, such as mouse-traps, and the m--\' But here, to Alice\'s side as she ran.</p><p>Lory, as soon as she could. \'The Dormouse is asleep again,\' said the King, rubbing his hands; \'so now let the Dormouse fell asleep instantly, and neither of the gloves, and she went on all the rest of the Lobster Quadrille, that she might as well.</p><p>But at any rate, the Dormouse sulkily remarked, \'If you do. I\'ll set Dinah at you!\' There was no longer to be trampled under its feet, ran round the court was in a very good advice, (though she very good-naturedly began hunting about for them, but.</p>',1967000.00,451,'porro',4.00,996,29,28,39,9,3,5,'2021-01-03 04:00:00','2024-06-15 10:07:17'),(10,'QuantumQuill Calligraphy Pen Set','quantumquill-calligraphy-pen-set','samanhudi-boutique-87/quantumquill-calligraphy-pen-set','<p>BEST butter, you know.\' \'Not at all,\' said the King, rubbing his hands; \'so now let the jury--\' \'If any one of the baby, it was too late to wish that! She went on to her full size by this time). \'Don\'t grunt,\' said Alice; \'you needn\'t be so kind,\'.</p><p>March Hare. Alice sighed wearily. \'I think you can find it.\' And she kept tossing the baby violently up and rubbed its eyes: then it watched the White Rabbit, trotting slowly back again, and did not feel encouraged to ask help of any good reason.</p><p>The Cat\'s head began fading away the moment she quite forgot how to get into that lovely garden. First, however, she went on again:-- \'I didn\'t write it, and burning with curiosity, she ran with all their simple joys, remembering her own children.</p><ul><li>Alice, very much of it had fallen into.</li><li>I suppose?\' \'Yes,\' said Alice as he.</li><li>Mock Turtle replied, counting off the.</li><li>Alice quite hungry to look about her.</li><li>Queen of Hearts, and I could show you.</li></ul><p>The Queen smiled and passed on. \'Who ARE you talking to?\' said the King, and the Hatter said, tossing his head sadly. \'Do I look like one, but it just grazed his nose, and broke off a little bit, and said nothing. \'Perhaps it hasn\'t one,\' Alice.</p><p>No, there were any tears. No, there were ten of them, and considered a little, and then Alice put down yet, before the trial\'s begun.\' \'They\'re putting down their names,\' the Gryphon answered, very nearly getting up and walking off to trouble.</p>',1271000.00,488,'aspernatur',4.00,945,46,19,26,10,3,6,'2021-01-04 06:00:00','2024-06-15 10:07:17');
/*!40000 ALTER TABLE `products` ENABLE KEYS */;

--
-- Table structure for table `provinces`
--

DROP TABLE IF EXISTS `provinces`;
/*!40101 SET @saved_cs_client     = @@character_set_client */;
/*!50503 SET character_set_client = utf8mb4 */;
CREATE TABLE `provinces` (
  `id` bigint unsigned NOT NULL AUTO_INCREMENT,
  `province_id` varchar(191) COLLATE utf8mb4_unicode_ci NOT NULL,
  `province` varchar(191) COLLATE utf8mb4_unicode_ci NOT NULL,
  `created_at` timestamp NULL DEFAULT NULL,
  `updated_at` timestamp NULL DEFAULT NULL,
  PRIMARY KEY (`id`)
) ENGINE=InnoDB AUTO_INCREMENT=35 DEFAULT CHARSET=utf8mb4 COLLATE=utf8mb4_unicode_ci;
/*!40101 SET character_set_client = @saved_cs_client */;

--
-- Dumping data for table `provinces`
--

/*!40000 ALTER TABLE `provinces` DISABLE KEYS */;
INSERT INTO `provinces` VALUES (1,'1','Bali','2024-06-15 10:06:27','2024-06-15 10:06:27'),(2,'2','Bangka Belitung','2024-06-15 10:06:27','2024-06-15 10:06:27'),(3,'3','Banten','2024-06-15 10:06:27','2024-06-15 10:06:27'),(4,'4','Bengkulu','2024-06-15 10:06:27','2024-06-15 10:06:27'),(5,'5','DI Yogyakarta','2024-06-15 10:06:27','2024-06-15 10:06:27'),(6,'6','DKI Jakarta','2024-06-15 10:06:27','2024-06-15 10:06:27'),(7,'7','Gorontalo','2024-06-15 10:06:27','2024-06-15 10:06:27'),(8,'8','Jambi','2024-06-15 10:06:27','2024-06-15 10:06:27'),(9,'9','Jawa Barat','2024-06-15 10:06:27','2024-06-15 10:06:27'),(10,'10','Jawa Tengah','2024-06-15 10:06:27','2024-06-15 10:06:27'),(11,'11','Jawa Timur','2024-06-15 10:06:27','2024-06-15 10:06:27'),(12,'12','Kalimantan Barat','2024-06-15 10:06:27','2024-06-15 10:06:27'),(13,'13','Kalimantan Selatan','2024-06-15 10:06:27','2024-06-15 10:06:27'),(14,'14','Kalimantan Tengah','2024-06-15 10:06:27','2024-06-15 10:06:27'),(15,'15','Kalimantan Timur','2024-06-15 10:06:27','2024-06-15 10:06:27'),(16,'16','Kalimantan Utara','2024-06-15 10:06:27','2024-06-15 10:06:27'),(17,'17','Kepulauan Riau','2024-06-15 10:06:27','2024-06-15 10:06:27'),(18,'18','Lampung','2024-06-15 10:06:27','2024-06-15 10:06:27'),(19,'19','Maluku','2024-06-15 10:06:27','2024-06-15 10:06:27'),(20,'20','Maluku Utara','2024-06-15 10:06:27','2024-06-15 10:06:27'),(21,'21','Nanggroe Aceh Darussalam (NAD)','2024-06-15 10:06:27','2024-06-15 10:06:27'),(22,'22','Nusa Tenggara Barat (NTB)','2024-06-15 10:06:27','2024-06-15 10:06:27'),(23,'23','Nusa Tenggara Timur (NTT)','2024-06-15 10:06:27','2024-06-15 10:06:27'),(24,'24','Papua','2024-06-15 10:06:27','2024-06-15 10:06:27'),(25,'25','Papua Barat','2024-06-15 10:06:27','2024-06-15 10:06:27'),(26,'26','Riau','2024-06-15 10:06:27','2024-06-15 10:06:27'),(27,'27','Sulawesi Barat','2024-06-15 10:06:27','2024-06-15 10:06:27'),(28,'28','Sulawesi Selatan','2024-06-15 10:06:27','2024-06-15 10:06:27'),(29,'29','Sulawesi Tengah','2024-06-15 10:06:27','2024-06-15 10:06:27'),(30,'30','Sulawesi Tenggara','2024-06-15 10:06:27','2024-06-15 10:06:27'),(31,'31','Sulawesi Utara','2024-06-15 10:06:27','2024-06-15 10:06:27'),(32,'32','Sumatera Barat','2024-06-15 10:06:27','2024-06-15 10:06:27'),(33,'33','Sumatera Selatan','2024-06-15 10:06:27','2024-06-15 10:06:27'),(34,'34','Sumatera Utara','2024-06-15 10:06:27','2024-06-15 10:06:27');
/*!40000 ALTER TABLE `provinces` ENABLE KEYS */;

--
-- Table structure for table `reviews`
--

DROP TABLE IF EXISTS `reviews`;
/*!40101 SET @saved_cs_client     = @@character_set_client */;
/*!50503 SET character_set_client = utf8mb4 */;
CREATE TABLE `reviews` (
  `id` bigint unsigned NOT NULL AUTO_INCREMENT,
  `rating` int NOT NULL,
  `coment` longtext COLLATE utf8mb4_unicode_ci NOT NULL,
  `user_id` bigint unsigned DEFAULT NULL,
  `product_id` bigint unsigned NOT NULL,
  `product_variant_id` bigint unsigned DEFAULT NULL,
  `order_item_id` bigint unsigned DEFAULT NULL,
  `created_at` timestamp NULL DEFAULT NULL,
  `updated_at` timestamp NULL DEFAULT NULL,
  PRIMARY KEY (`id`),
  KEY `reviews_user_id_foreign` (`user_id`),
  KEY `reviews_product_id_foreign` (`product_id`),
  KEY `reviews_product_variant_id_foreign` (`product_variant_id`),
  KEY `reviews_order_item_id_foreign` (`order_item_id`),
  CONSTRAINT `reviews_order_item_id_foreign` FOREIGN KEY (`order_item_id`) REFERENCES `order_items` (`id`) ON DELETE SET NULL,
  CONSTRAINT `reviews_product_id_foreign` FOREIGN KEY (`product_id`) REFERENCES `products` (`id`) ON DELETE CASCADE,
  CONSTRAINT `reviews_product_variant_id_foreign` FOREIGN KEY (`product_variant_id`) REFERENCES `product_variants` (`id`) ON DELETE SET NULL,
  CONSTRAINT `reviews_user_id_foreign` FOREIGN KEY (`user_id`) REFERENCES `users` (`id`) ON DELETE SET NULL
) ENGINE=InnoDB AUTO_INCREMENT=27 DEFAULT CHARSET=utf8mb4 COLLATE=utf8mb4_unicode_ci;
/*!40101 SET character_set_client = @saved_cs_client */;

--
-- Dumping data for table `reviews`
--

/*!40000 ALTER TABLE `reviews` DISABLE KEYS */;
INSERT INTO `reviews` VALUES (1,3,'Dormouse say?\' one of the house, \"Let us both go to on the floor, and a fall, and a scroll of parchment in the distance. \'And yet what a wonderful dream it had been. But her sister was reading, but.',8,1,2,1,'2024-06-09 13:00:17','2024-06-09 13:00:17'),(2,5,'Alice noticed, had powdered hair that WOULD always get into the jury-box, or they would go, and making quite a large pool all round the hall, but they were IN the well,\' Alice said to herself; \'the.',1,1,3,2,'2024-06-10 13:00:17','2024-06-10 13:00:17'),(3,3,'Alice, as she went on, \'that they\'d let Dinah stop in the way YOU manage?\' Alice asked. The Hatter shook his head contemptuously. \'I dare say you\'re wondering why I don\'t want YOU with us!\"\' \'They.',7,1,3,3,'2024-06-20 13:00:17','2024-06-20 13:00:17'),(4,4,'Alice, swallowing down her flamingo, and began talking again. \'Dinah\'ll miss me very much what would happen next. First, she dreamed of little animals and birds waiting outside. The poor little.',1,2,6,4,'2024-06-20 02:00:17','2024-06-20 02:00:17'),(5,5,'Alice: \'three inches is such a thing I know. Silence all round, if you like!\' the Duchess said in a coaxing tone, and she told her sister, who was beginning to think to herself, and began to cry.',7,3,7,5,'2024-06-17 04:00:17','2024-06-17 04:00:17'),(6,4,'Edwin and Morcar, the earls of Mercia and Northumbria--\"\' \'Ugh!\' said the Hatter: \'let\'s all move one place on.\' He moved on as he spoke, \'we were trying--\' \'I see!\' said the Duchess; \'and most.',8,3,7,6,'2024-06-15 04:00:17','2024-06-15 04:00:17'),(7,3,'I can\'t remember,\' said the Caterpillar took the opportunity of saying to her in the sea. The master was an old crab, HE was.\' \'I never said I could let you out, you know.\' It was, no doubt: only.',9,3,9,7,'2024-06-12 04:00:17','2024-06-12 04:00:17'),(8,3,'Alice was too small, but at last turned sulky, and would only say, \'I am older than I am in the distance. \'Come on!\' and ran the faster, while more and more puzzled, but she remembered having seen.',9,4,14,8,'2024-06-10 19:00:17','2024-06-10 19:00:17'),(9,5,'Alice, \'and why it is almost certain to disagree with you, sooner or later. However, this bottle does. I do hope it\'ll make me smaller, I can guess that,\' she added aloud. \'Do you mean that you.',7,4,19,9,'2024-06-17 19:00:17','2024-06-17 19:00:17'),(10,3,'Gryphon. \'How the creatures order one about, and make one repeat lessons!\' thought Alice; \'only, as it\'s asleep, I suppose it were white, but there was nothing else to do, and in his throat,\' said.',2,4,16,10,'2024-06-19 19:00:17','2024-06-19 19:00:17'),(11,4,'March Hare. Alice was not otherwise than what it was as much right,\' said the Duchess, digging her sharp little chin into Alice\'s head. \'Is that the Queen furiously, throwing an inkstand at the.',1,5,30,11,'2024-06-13 14:00:17','2024-06-13 14:00:17'),(12,5,'Alice remarked. \'Right, as usual,\' said the Eaglet. \'I don\'t know of any that do,\' Alice said nothing: she had been for some time in silence: at last she stretched her arms folded, frowning like a.',9,5,32,12,'2024-06-13 14:00:17','2024-06-13 14:00:17'),(13,4,'Gryphon at the Hatter, \'or you\'ll be asleep again before it\'s done.\' \'Once upon a little scream of laughter. \'Oh, hush!\' the Rabbit began. Alice thought to herself \'It\'s the first verse,\' said the.',8,5,27,13,'2024-06-11 14:00:17','2024-06-11 14:00:17'),(14,3,'I shall see it again, but it all seemed quite dull and stupid for life to go down the chimney!\' \'Oh! So Bill\'s got the other--Bill! fetch it here, lad!--Here, put \'em up at the righthand bit again.',2,5,25,14,'2024-06-07 14:00:17','2024-06-07 14:00:17'),(15,5,'The Dormouse again took a great crowd assembled about them--all sorts of things--I can\'t remember things as I tell you, you coward!\' and at once to eat the comfits: this caused some noise and.',2,6,36,15,'2024-06-10 21:00:17','2024-06-10 21:00:17'),(16,4,'I\'m not looking for eggs, as it settled down in a melancholy way, being quite unable to move. She soon got it out loud. \'Thinking again?\' the Duchess to play croquet.\' Then they both cried. \'Wake.',9,6,35,16,'2024-06-18 21:00:17','2024-06-18 21:00:17'),(17,3,'Alice \'without pictures or conversations in it, \'and what is the capital of Rome, and Rome--no, THAT\'S all wrong, I\'m certain! I must be a LITTLE larger, sir, if you were or might have been changed.',2,7,41,17,'2024-06-18 12:00:17','2024-06-18 12:00:17'),(20,4,'I WAS when I got up this morning, but I think I may as well wait, as she could, and waited till the Pigeon had finished. \'As if it had finished this short speech, they all quarrel so dreadfully one.',9,9,62,20,'2024-06-20 04:00:17','2024-06-20 04:00:17'),(21,4,'Duchess. An invitation from the Queen in a more subdued tone, and everybody else. \'Leave off that!\' screamed the Pigeon. \'I\'m NOT a serpent!\' said Alice in a minute, trying to invent something!\'.',2,9,54,21,'2024-06-20 04:00:17','2024-06-20 04:00:17'),(22,3,'I grow at a reasonable pace,\' said the Hatter, \'or you\'ll be asleep again before it\'s done.\' \'Once upon a time there were TWO little shrieks, and more puzzled, but she did not seem to see that the.',1,10,67,22,'2024-06-20 06:00:17','2024-06-20 06:00:17'),(23,4,'Alice began telling them her adventures from the change: and Alice could see this, as she could, for the next moment she felt that she looked at the corners: next the ten courtiers; these were.',2,10,70,23,'2024-06-20 06:00:17','2024-06-20 06:00:17'),(24,5,'I don\'t keep the same as the March Hare interrupted in a voice outside, and stopped to listen. \'Mary Ann! Mary Ann!\' said the Gryphon said, in a deep voice, \'What are tarts made of?\' \'Pepper.',7,10,64,24,'2024-06-20 06:00:17','2024-06-20 06:00:17'),(25,3,'Bagus',2,8,8,18,'2024-07-26 10:09:33','2024-07-26 10:09:33'),(26,5,'Sangat Menarik',9,8,8,19,'2024-08-15 07:46:29','2024-08-15 07:46:29');
/*!40000 ALTER TABLE `reviews` ENABLE KEYS */;

--
-- Table structure for table `store_banners`
--

DROP TABLE IF EXISTS `store_banners`;
/*!40101 SET @saved_cs_client     = @@character_set_client */;
/*!50503 SET character_set_client = utf8mb4 */;
CREATE TABLE `store_banners` (
  `id` bigint unsigned NOT NULL AUTO_INCREMENT,
  `description` longtext COLLATE utf8mb4_unicode_ci,
  `image` varchar(191) COLLATE utf8mb4_unicode_ci NOT NULL,
  `store_id` bigint unsigned NOT NULL,
  `created_at` timestamp NULL DEFAULT NULL,
  `updated_at` timestamp NULL DEFAULT NULL,
  PRIMARY KEY (`id`),
  KEY `store_banners_store_id_foreign` (`store_id`),
  CONSTRAINT `store_banners_store_id_foreign` FOREIGN KEY (`store_id`) REFERENCES `stores` (`id`)
) ENGINE=InnoDB AUTO_INCREMENT=11 DEFAULT CHARSET=utf8mb4 COLLATE=utf8mb4_unicode_ci;
/*!40101 SET character_set_client = @saved_cs_client */;

--
-- Dumping data for table `store_banners`
--

/*!40000 ALTER TABLE `store_banners` DISABLE KEYS */;
INSERT INTO `store_banners` VALUES (1,NULL,'http://res.cloudinary.com/grandonk-merch/image/upload/v1706460604/salesprint/tyzkgiqp5qes9wlzsngn.jpg',1,'2024-06-15 10:07:17','2024-06-15 10:07:17'),(2,NULL,'http://res.cloudinary.com/grandonk-merch/image/upload/v1706460606/salesprint/hp5pu3scrye2esqiynon.jpg',1,'2024-06-15 10:07:17','2024-06-15 10:07:17'),(3,NULL,'http://res.cloudinary.com/grandonk-merch/image/upload/v1706460603/salesprint/dlexscdsox6odrnjlbqy.jpg',2,'2024-06-15 10:07:17','2024-06-15 10:07:17'),(4,NULL,'http://res.cloudinary.com/grandonk-merch/image/upload/v1706460601/salesprint/rob8v0u9gbmuyo3m8mnw.jpg',2,'2024-06-15 10:07:17','2024-06-15 10:07:17'),(5,NULL,'http://res.cloudinary.com/grandonk-merch/image/upload/v1706460604/salesprint/vwxpkyblabm9ussxi6ks.jpg',3,'2024-06-15 10:07:17','2024-06-15 10:07:17'),(6,NULL,'http://res.cloudinary.com/grandonk-merch/image/upload/v1706460607/salesprint/fach1leshcctpqpaercl.jpg',3,'2024-06-15 10:07:17','2024-06-15 10:07:17'),(7,NULL,'http://res.cloudinary.com/grandonk-merch/image/upload/v1706460600/salesprint/wn2fksbrpbh9h59ppvlt.jpg',4,'2024-06-15 10:07:17','2024-06-15 10:07:17'),(8,NULL,'http://res.cloudinary.com/grandonk-merch/image/upload/v1706460607/salesprint/fach1leshcctpqpaercl.jpg',4,'2024-06-15 10:07:17','2024-06-15 10:07:17'),(9,NULL,'http://res.cloudinary.com/grandonk-merch/image/upload/v1706460600/salesprint/tnzon6j3q6db07esieul.jpg',5,'2024-06-15 10:07:17','2024-06-15 10:07:17'),(10,NULL,'http://res.cloudinary.com/grandonk-merch/image/upload/v1706460606/salesprint/lkw7aeykwpduzf9o1kwe.jpg',5,'2024-06-15 10:07:17','2024-06-15 10:07:17');
/*!40000 ALTER TABLE `store_banners` ENABLE KEYS */;

--
-- Table structure for table `store_categories`
--

DROP TABLE IF EXISTS `store_categories`;
/*!40101 SET @saved_cs_client     = @@character_set_client */;
/*!50503 SET character_set_client = utf8mb4 */;
CREATE TABLE `store_categories` (
  `id` bigint unsigned NOT NULL AUTO_INCREMENT,
  `name` varchar(191) COLLATE utf8mb4_unicode_ci NOT NULL,
  `slug` varchar(191) COLLATE utf8mb4_unicode_ci NOT NULL,
  `image` varchar(191) COLLATE utf8mb4_unicode_ci DEFAULT NULL,
  `store_id` bigint unsigned NOT NULL,
  `created_at` timestamp NULL DEFAULT NULL,
  `updated_at` timestamp NULL DEFAULT NULL,
  PRIMARY KEY (`id`),
  KEY `store_categories_store_id_foreign` (`store_id`),
  CONSTRAINT `store_categories_store_id_foreign` FOREIGN KEY (`store_id`) REFERENCES `stores` (`id`) ON DELETE CASCADE
) ENGINE=InnoDB AUTO_INCREMENT=11 DEFAULT CHARSET=utf8mb4 COLLATE=utf8mb4_unicode_ci;
/*!40101 SET character_set_client = @saved_cs_client */;

--
-- Dumping data for table `store_categories`
--

/*!40000 ALTER TABLE `store_categories` DISABLE KEYS */;
INSERT INTO `store_categories` VALUES (1,'Produk Baru','produk-baru','http://res.cloudinary.com/grandonk-merch/image/upload/v1706457413/salesprint/z4meu38cmjyjsf8mkqdk.jpg',1,'2024-06-15 10:07:17','2024-06-15 10:07:17'),(2,'Top Seller','top-seller','http://res.cloudinary.com/grandonk-merch/image/upload/v1706457415/salesprint/hg2ut2m6cqclfxrgm2xt.jpg',1,'2024-06-15 10:07:17','2024-06-15 10:07:17'),(3,'Produk Baru','produk-baru','http://res.cloudinary.com/grandonk-merch/image/upload/v1706457413/salesprint/z4meu38cmjyjsf8mkqdk.jpg',2,'2024-06-15 10:07:17','2024-06-15 10:07:17'),(4,'Top Seller','top-seller','http://res.cloudinary.com/grandonk-merch/image/upload/v1706457415/salesprint/hg2ut2m6cqclfxrgm2xt.jpg',2,'2024-06-15 10:07:17','2024-06-15 10:07:17'),(5,'Produk Baru','produk-baru','http://res.cloudinary.com/grandonk-merch/image/upload/v1706457413/salesprint/z4meu38cmjyjsf8mkqdk.jpg',3,'2024-06-15 10:07:17','2024-06-15 10:07:17'),(6,'Top Seller','top-seller','http://res.cloudinary.com/grandonk-merch/image/upload/v1706457415/salesprint/hg2ut2m6cqclfxrgm2xt.jpg',3,'2024-06-15 10:07:17','2024-06-15 10:07:17'),(7,'Produk Baru','produk-baru','http://res.cloudinary.com/grandonk-merch/image/upload/v1706457413/salesprint/z4meu38cmjyjsf8mkqdk.jpg',4,'2024-06-15 10:07:17','2024-06-15 10:07:17'),(8,'Top Seller','top-seller','http://res.cloudinary.com/grandonk-merch/image/upload/v1706457415/salesprint/hg2ut2m6cqclfxrgm2xt.jpg',4,'2024-06-15 10:07:17','2024-06-15 10:07:17'),(9,'Produk Baru','produk-baru','http://res.cloudinary.com/grandonk-merch/image/upload/v1706457413/salesprint/z4meu38cmjyjsf8mkqdk.jpg',5,'2024-06-15 10:07:17','2024-06-15 10:07:17'),(10,'Top Seller','top-seller','http://res.cloudinary.com/grandonk-merch/image/upload/v1706457415/salesprint/hg2ut2m6cqclfxrgm2xt.jpg',5,'2024-06-15 10:07:17','2024-06-15 10:07:17');
/*!40000 ALTER TABLE `store_categories` ENABLE KEYS */;

--
-- Table structure for table `stores`
--

DROP TABLE IF EXISTS `stores`;
/*!40101 SET @saved_cs_client     = @@character_set_client */;
/*!50503 SET character_set_client = utf8mb4 */;
CREATE TABLE `stores` (
  `id` bigint unsigned NOT NULL AUTO_INCREMENT,
  `name` varchar(191) COLLATE utf8mb4_unicode_ci NOT NULL,
  `slug` varchar(191) COLLATE utf8mb4_unicode_ci NOT NULL,
  `phone_number` varchar(191) COLLATE utf8mb4_unicode_ci NOT NULL,
  `address` varchar(191) COLLATE utf8mb4_unicode_ci NOT NULL,
  `city` varchar(191) COLLATE utf8mb4_unicode_ci NOT NULL,
  `city_id` varchar(191) COLLATE utf8mb4_unicode_ci NOT NULL,
  `province` varchar(191) COLLATE utf8mb4_unicode_ci NOT NULL,
  `province_id` varchar(191) COLLATE utf8mb4_unicode_ci NOT NULL,
  `postal_code` varchar(191) COLLATE utf8mb4_unicode_ci NOT NULL,
  `status` enum('approved','on_review','rejected') COLLATE utf8mb4_unicode_ci NOT NULL,
  `image` varchar(191) COLLATE utf8mb4_unicode_ci DEFAULT NULL,
  `store_description` longtext COLLATE utf8mb4_unicode_ci,
  `total_balance` double(15,2) NOT NULL,
  `user_id` bigint unsigned NOT NULL,
  `created_at` timestamp NULL DEFAULT NULL,
  `updated_at` timestamp NULL DEFAULT NULL,
  PRIMARY KEY (`id`),
  UNIQUE KEY `stores_slug_unique` (`slug`),
  KEY `stores_user_id_foreign` (`user_id`),
  CONSTRAINT `stores_user_id_foreign` FOREIGN KEY (`user_id`) REFERENCES `users` (`id`) ON DELETE CASCADE
) ENGINE=InnoDB AUTO_INCREMENT=6 DEFAULT CHARSET=utf8mb4 COLLATE=utf8mb4_unicode_ci;
/*!40101 SET character_set_client = @saved_cs_client */;

--
-- Dumping data for table `stores`
--

/*!40000 ALTER TABLE `stores` DISABLE KEYS */;
INSERT INTO `stores` VALUES (1,'Grandonk Merch','grandonk-merch','0812345678987','Psr. Imam No. 790','Mojokerto','289','Jawa Timur','11','61382','approved','http://res.cloudinary.com/grandonk-merch/image/upload/v1706460602/salesprint/ouxalwkrjazfpyog9ych.jpg','Quo numquam quae quos sint ratione deleniti voluptatem. Id quae omnis recusandae et quo dolorum. Facilis voluptatum sed error deleniti tenetur odio voluptatum. Libero quis quis ea perferendis doloremque at labore. Ipsam dolores qui similique animi nisi repellat et. Sunt nihil et sunt qui unde cupiditate.',5790000.00,4,'2024-06-15 10:07:17','2024-06-15 10:07:17'),(2,'Upscale Store','upscale-store','0898787653412','Psr. Yosodipuro No. 117','Surabaya','444','Jawa Timur','11','60119','approved','http://res.cloudinary.com/grandonk-merch/image/upload/v1706460604/salesprint/eyzdtr8iquinq7ixeaiv.jpg','Et dolores quisquam voluptatem totam. Sed nobis culpa architecto et et qui dolores. Molestias voluptatem aut saepe et et et.',19861000.00,3,'2024-06-15 10:07:17','2024-06-15 10:07:17'),(3,'Samanhudi Boutique 87','samanhudi-boutique-87','0835 3291 3420','Jln. Sukabumi No. 802, Jakarta Barat 11220, DKI Jakarta','Jakarta Barat','151','DKI Jakarta','6','11220','approved','http://res.cloudinary.com/grandonk-merch/image/upload/v1706460605/salesprint/hyxgmwhpvkkopbkyciex.jpg','Impedit deleniti consequuntur laudantium facere molestiae nobis. Optio sed ex distinctio laboriosam. Nesciunt incidunt velit similique aut cumque consequuntur.',20048000.00,10,'2024-06-15 10:07:17','2024-06-15 10:07:17'),(4,'Camar Outlet 44','camar-outlet-44','(+62) 921 0490 0389','Psr. Bazuka Raya No. 284, Semarang 50135, Jawa Tengah','Semarang','399','Jawa Tengah','10','50135','approved','http://res.cloudinary.com/grandonk-merch/image/upload/v1706460603/salesprint/dlexscdsox6odrnjlbqy.jpg','Et voluptatum dolorem molestiae placeat. Autem rerum qui possimus quia nisi ad sed laudantium. Nihil quia possimus nobis maiores. Doloribus enim culpa placeat non voluptatem quaerat. Voluptate quia facere dolores cum.',8930000.00,11,'2024-06-15 10:07:17','2024-06-15 10:07:17'),(5,'Suprapto Store 48','suprapto-store-48','0781 8516 585','Ds. Sentot Alibasa No. 973, Bekasi 17121, Jawa Barat','Bekasi','55','Jawa Barat','9','17121','approved','http://res.cloudinary.com/grandonk-merch/image/upload/v1706460605/salesprint/yy8rhk3y1r7vale4cm39.jpg','Harum architecto laboriosam laboriosam et. Quod recusandae libero rerum dolore sunt et beatae. Consequuntur est quia porro voluptatum dolore in. Nihil repellendus labore quasi ipsa animi assumenda consequuntur vel.',17848000.00,12,'2024-06-15 10:07:17','2024-06-15 10:07:17');
/*!40000 ALTER TABLE `stores` ENABLE KEYS */;

--
-- Table structure for table `transactions`
--

DROP TABLE IF EXISTS `transactions`;
/*!40101 SET @saved_cs_client     = @@character_set_client */;
/*!50503 SET character_set_client = utf8mb4 */;
CREATE TABLE `transactions` (
  `id` bigint unsigned NOT NULL AUTO_INCREMENT,
  `total` double(10,2) NOT NULL,
  `serial_order` varchar(191) COLLATE utf8mb4_unicode_ci NOT NULL,
  `snap_token` varchar(191) COLLATE utf8mb4_unicode_ci DEFAULT NULL,
  `transaction_id` varchar(191) COLLATE utf8mb4_unicode_ci DEFAULT NULL,
  `payment_status` varchar(191) COLLATE utf8mb4_unicode_ci NOT NULL,
  `status_message` varchar(191) COLLATE utf8mb4_unicode_ci NOT NULL,
  `status_code` varchar(191) COLLATE utf8mb4_unicode_ci NOT NULL,
  `payment_type` varchar(191) COLLATE utf8mb4_unicode_ci DEFAULT NULL,
  `payment_code` varchar(191) COLLATE utf8mb4_unicode_ci DEFAULT NULL,
  `pdf_url` varchar(191) COLLATE utf8mb4_unicode_ci DEFAULT NULL,
  `user_id` bigint unsigned DEFAULT NULL,
  `created_at` timestamp NULL DEFAULT NULL,
  `updated_at` timestamp NULL DEFAULT NULL,
  PRIMARY KEY (`id`),
  UNIQUE KEY `transactions_serial_order_unique` (`serial_order`),
  KEY `transactions_user_id_foreign` (`user_id`),
  CONSTRAINT `transactions_user_id_foreign` FOREIGN KEY (`user_id`) REFERENCES `users` (`id`) ON DELETE SET NULL
) ENGINE=InnoDB AUTO_INCREMENT=28 DEFAULT CHARSET=utf8mb4 COLLATE=utf8mb4_unicode_ci;
/*!40101 SET character_set_client = @saved_cs_client */;

--
-- Dumping data for table `transactions`
--

/*!40000 ALTER TABLE `transactions` DISABLE KEYS */;
INSERT INTO `transactions` VALUES (1,2312000.00,'2024060472017345',NULL,'9f6716c6-12ed-32d4-aaac-5392e6703e2c','settlement','Success, pembayaran berhasil','200','bank_transfer',NULL,NULL,8,'2024-06-04 13:00:17','2024-06-04 13:00:17'),(2,1166000.00,'2024060572017357',NULL,'507aae04-8070-335e-a771-dae0a4c5e382','settlement','Success, pembayaran berhasil','200','qris',NULL,NULL,1,'2024-06-05 13:00:17','2024-06-05 13:00:17'),(3,2312000.00,'2024061572017361',NULL,'ee8b2417-f7cc-34c5-978c-03df4d7a945e','settlement','Success, pembayaran berhasil','200','echannel',NULL,NULL,7,'2024-06-15 13:00:17','2024-06-15 13:00:17'),(4,5666000.00,'2024061532417371',NULL,'a9a86074-114d-3e8b-b63c-a9e58b7fd0f7','settlement','Success, pembayaran berhasil','200','gopay',NULL,NULL,1,'2024-06-15 02:00:17','2024-06-15 02:00:17'),(5,2315000.00,'2024061239617383',NULL,'eb1153cc-81c1-3965-b9e5-951690f02e08','settlement','Success, pembayaran berhasil','200','bank_transfer',NULL,NULL,7,'2024-06-12 04:00:17','2024-06-12 04:00:17'),(6,1550000.00,'2024061039617388',NULL,'1f925c32-8c41-308c-9509-db393a30f285','settlement','Success, pembayaran berhasil','200','echannel',NULL,NULL,8,'2024-06-10 04:00:17','2024-06-10 04:00:17'),(7,2315000.00,'2024060739617393',NULL,'234ee1d7-f1d0-3088-93f8-f97c94debd0c','settlement','Success, pembayaran berhasil','200','cstore',NULL,NULL,9,'2024-06-07 04:00:17','2024-06-07 04:00:17'),(8,464000.00,'202406067217419',NULL,'1a7721bf-0bc3-3824-a22f-64113ec65a13','settlement','Success, pembayaran berhasil','200','bank_transfer',NULL,NULL,9,'2024-06-05 19:00:17','2024-06-05 19:00:17'),(9,242000.00,'202406137217423',NULL,'a15d3a48-5ec4-398b-bd81-914d5db3eb10','settlement','Success, pembayaran berhasil','200','gopay',NULL,NULL,7,'2024-06-12 19:00:17','2024-06-12 19:00:17'),(10,242000.00,'202406157217425',NULL,'203ea616-8fa9-33bf-bdd2-264ae598586d','settlement','Success, pembayaran berhasil','200','cstore',NULL,NULL,2,'2024-06-14 19:00:17','2024-06-14 19:00:17'),(11,2843000.00,'2024060875617444',NULL,'d5626acd-9a1c-3c82-8f5a-ec3c4f52df56','settlement','Success, pembayaran berhasil','200','gopay',NULL,NULL,1,'2024-06-08 14:00:17','2024-06-08 14:00:17'),(12,5666000.00,'2024060875617448',NULL,'9ccac3bb-4e5e-3501-8a92-7e44ad5e8139','settlement','Success, pembayaran berhasil','200','bank_transfer',NULL,NULL,9,'2024-06-08 14:00:17','2024-06-08 14:00:17'),(13,2843000.00,'2024060675617451',NULL,'7b04ab8b-9918-34dd-b7e2-2514ccdc9fb7','settlement','Success, pembayaran berhasil','200','gopay',NULL,NULL,8,'2024-06-06 14:00:17','2024-06-06 14:00:17'),(14,2843000.00,'2024060275617453',NULL,'0e894261-3447-3a8d-bddd-8e08b26bb6a6','settlement','Success, pembayaran berhasil','200','echannel',NULL,NULL,2,'2024-06-02 14:00:17','2024-06-02 14:00:17'),(15,902000.00,'2024060614417461',NULL,'2d635cb7-f583-32b3-90af-b6475d82ff45','settlement','Success, pembayaran berhasil','200','echannel',NULL,NULL,2,'2024-06-05 21:00:17','2024-06-05 21:00:17'),(16,314000.00,'2024061414417464',NULL,'bb5a5c0a-7057-373e-944a-714d3249cac3','settlement','Success, pembayaran berhasil','200','echannel',NULL,NULL,9,'2024-06-13 21:00:17','2024-06-13 21:00:17'),(17,8930000.00,'2024061368417483',NULL,'d8f9a4af-faca-3cc4-bc94-316ebb489043','settlement','Success, pembayaran berhasil','200','qris',NULL,NULL,2,'2024-06-13 12:00:17','2024-06-13 12:00:17'),(18,5360000.00,'2024061550417490',NULL,'d20a847f-3636-35ce-83a6-515010e81820','settlement','Success, pembayaran berhasil','200','bank_transfer',NULL,NULL,2,'2024-06-15 07:00:17','2024-06-15 07:00:17'),(19,5360000.00,'2024061150417493',NULL,'e8dc7e6f-2029-37be-82a6-ea25c90aabb0','settlement','Success, pembayaran berhasil','200','cstore',NULL,NULL,9,'2024-06-11 07:00:17','2024-06-11 07:00:17'),(20,5921000.00,'2024061539617513',NULL,'1d18a358-c221-3427-a191-b305a51e5deb','settlement','Success, pembayaran berhasil','200','bank_transfer',NULL,NULL,9,'2024-06-15 04:00:17','2024-06-15 04:00:17'),(21,3954000.00,'2024061539617516',NULL,'ac80a453-04f8-3d58-b4c6-b14ea22fe761','settlement','Success, pembayaran berhasil','200','qris',NULL,NULL,2,'2024-06-15 04:00:17','2024-06-15 04:00:17'),(22,2562000.00,'2024061546817535',NULL,'ec68bdc6-bdee-341c-b639-cc3b4aa979fd','settlement','Success, pembayaran berhasil','200','gopay',NULL,NULL,1,'2024-06-15 06:00:17','2024-06-15 06:00:17'),(23,2562000.00,'2024061546817538',NULL,'710d11fb-83e9-3229-8b3a-96a649f00575','settlement','Success, pembayaran berhasil','200','qris',NULL,NULL,2,'2024-06-15 06:00:17','2024-06-15 06:00:17'),(24,3833000.00,'2024061546817541',NULL,'2ec6df8f-365e-3a48-8d96-d92c13f073cb','settlement','Success, pembayaran berhasil','200','gopay',NULL,NULL,7,'2024-06-15 06:00:17','2024-06-15 06:00:17'),(25,28834000.00,'2024070242028952','5605fae4-a0df-4da2-8a04-79c0d7973c05','eb79c4e9-0c8f-42b9-8960-7b3ed7ddb260','settlement','Pembayaran berhasil','200','bank_transfer','00396895472','https://app.sandbox.midtrans.com/snap/v1/transactions/5605fae4-a0df-4da2-8a04-79c0d7973c05/pdf',2,'2024-07-02 04:40:29','2024-07-02 04:46:10'),(26,800000.00,'2024072661335050','f5d26f35-4217-4827-bee7-602cac6d0b5e','803e6359-6167-44b8-a172-97e630f2176b','pending','Menunggu pembayaran','201','bank_transfer','00396508848','https://app.sandbox.midtrans.com/snap/v1/transactions/f5d26f35-4217-4827-bee7-602cac6d0b5e/pdf',2,'2024-07-26 10:02:15','2024-07-26 10:02:29'),(27,3630000.00,'2024072661545850','0b09aa51-1a3f-4936-a5e8-75a0970d55e3',NULL,'pending','Pending, Menunggu pembayaran','201',NULL,NULL,NULL,2,'2024-07-26 10:05:46','2024-07-26 10:05:46');
/*!40000 ALTER TABLE `transactions` ENABLE KEYS */;

--
-- Table structure for table `users`
--

DROP TABLE IF EXISTS `users`;
/*!40101 SET @saved_cs_client     = @@character_set_client */;
/*!50503 SET character_set_client = utf8mb4 */;
CREATE TABLE `users` (
  `id` bigint unsigned NOT NULL AUTO_INCREMENT,
  `name` varchar(191) COLLATE utf8mb4_unicode_ci NOT NULL,
  `username` varchar(191) COLLATE utf8mb4_unicode_ci NOT NULL,
  `email` varchar(191) COLLATE utf8mb4_unicode_ci NOT NULL,
  `role` enum('user','seller','admin') COLLATE utf8mb4_unicode_ci NOT NULL DEFAULT 'user',
  `email_verified_at` timestamp NULL DEFAULT NULL,
  `password` varchar(191) COLLATE utf8mb4_unicode_ci NOT NULL,
  `phone_number` varchar(191) COLLATE utf8mb4_unicode_ci NOT NULL,
  `image` varchar(191) COLLATE utf8mb4_unicode_ci DEFAULT NULL,
  `remember_token` varchar(100) COLLATE utf8mb4_unicode_ci DEFAULT NULL,
  `created_at` timestamp NULL DEFAULT NULL,
  `updated_at` timestamp NULL DEFAULT NULL,
  PRIMARY KEY (`id`),
  UNIQUE KEY `users_username_unique` (`username`),
  UNIQUE KEY `users_email_unique` (`email`),
  UNIQUE KEY `users_phone_number_unique` (`phone_number`)
) ENGINE=InnoDB AUTO_INCREMENT=13 DEFAULT CHARSET=utf8mb4 COLLATE=utf8mb4_unicode_ci;
/*!40101 SET character_set_client = @saved_cs_client */;

--
-- Dumping data for table `users`
--

/*!40000 ALTER TABLE `users` DISABLE KEYS */;
INSERT INTO `users` VALUES (1,'User','user666','user@gmail.com','user','2024-06-15 10:07:16','$2y$10$yLnnmykRJ7Ax6rLfMA0j5u.3xxxXI8uiNj3mvaPHctlVBXYGFUr7S','08123239483123','http://res.cloudinary.com/grandonk-merch/image/upload/v1706460003/salesprint/cbspssshbgzlaaomf9m4.jpg','WMn8XLJM6D','2024-06-15 10:07:16','2024-06-15 10:07:16'),(2,'Grandonk User','grandonkuser666','grandonkuser@gmail.com','user','2024-06-15 10:07:16','$2y$10$5wfejS58DecCVS/bQTezteMIj.YqmzBDi4gVf6kH1tvEMklsoKMaC','08242301323123','http://res.cloudinary.com/grandonk-merch/image/upload/v1706460008/salesprint/vq4qjgo5zsvqjkebigep.jpg','ABmqPpgfvU','2024-06-15 10:07:16','2024-06-15 10:07:16'),(3,'Seller','seller666','seller@gmail.com','seller','2024-06-15 10:07:16','$2y$10$K27.8sl2AYN00fiqEVO/gO6wpz2ottUhy07wXhWGD0b/zMy8EXpyG','08154536315424','http://res.cloudinary.com/grandonk-merch/image/upload/v1706460007/salesprint/r1sdztel9bbuoa8rlhmk.jpg','fM62HGAOj1','2024-06-15 10:07:16','2024-06-15 10:07:16'),(4,'Grandonk Seller','grandonkseller666','grandonkseller@gmail.com','seller','2024-06-15 10:07:16','$2y$10$rsbLfxNtGM/EFxhqe8VTaOj6PBoYfvV3BJ9ptXmp1rxFfYEf1V3Te','08123191347123','http://res.cloudinary.com/grandonk-merch/image/upload/v1706460007/salesprint/szg8kethm27bk3yb34sm.jpg','faF5iv5sUh','2024-06-15 10:07:16','2024-06-15 10:07:16'),(5,'Admin','admin666','admin@gmail.com','admin','2024-06-15 10:07:16','$2y$10$vLmwdsss6F6F1TduQrYzfOeZIJaxEQqr2VY/UQJ0.zfLm2DZuMZdK','08123171321243','http://res.cloudinary.com/grandonk-merch/image/upload/v1706460005/salesprint/zfbkzcvrozagkeqxiqq5.jpg','8uofzTiLmm','2024-06-15 10:07:16','2024-06-15 10:07:16'),(6,'Admin Grandonk','admingrandonk666','grandonk457@gmail.com','admin','2024-06-15 10:07:16','$2y$10$8P7PKCiFDCW.ZQ4qREf7QO8OHenL9zoRzRqKiz2Qr7Nia2mnLj.Ru','081515358028','http://res.cloudinary.com/grandonk-merch/image/upload/v1706460006/salesprint/iwzual4rznlnzonucamw.jpg','cLuPQ4xXA6','2024-06-15 10:07:16','2024-06-15 10:07:16'),(7,'Jarwa Irawan','jarwa896','jarwa896@gmail.com','user','2024-06-15 10:07:16','$2y$10$1pTp26Zh2w7YEIx2zN5JNu5Qmrq44u0ts6MOEAo5zkVefWHUNQ.Ru','0554 4983 6506','http://res.cloudinary.com/grandonk-merch/image/upload/v1706460005/salesprint/rpu4qw3l2rk7kzsfwegb.jpg','GQTFILR1Bj','2024-06-15 10:07:16','2024-06-15 10:07:16'),(8,'Syahrini Marpaung','syahrini737','syahrini737@gmail.com','user','2024-06-15 10:07:16','$2y$10$0Cn2gaGugBELBbFHblmZTOuUnctFurhwxa4LMv42wkGXUZEDMkZ.a','(+62) 930 9566 2841','http://res.cloudinary.com/grandonk-merch/image/upload/v1706460005/salesprint/kwabdpo4hkwlpakgwebr.jpg','zWjw6jDinl','2024-06-15 10:07:16','2024-06-15 10:07:16'),(9,'Opung Wahyuni','opung124','opung124@gmail.com','user','2024-06-15 10:07:17','$2y$10$5ND9ACqs41qhd28FLNDwD.e5o3jkIP3pk99mrXZAo0SMRkhoORS1u','(+62) 788 1022 025','http://res.cloudinary.com/grandonk-merch/image/upload/v1706460005/salesprint/kwabdpo4hkwlpakgwebr.jpg','m62Y16inrs','2024-06-15 10:07:17','2024-06-15 10:07:17'),(10,'Harto Pudjiastuti','harto203','harto203@gmail.com','seller','2024-06-15 10:07:17','$2y$10$lXGeHpxuFWS.EI.Fps5fd.WWaXYnn/dOV2uPQg0j9ykfF7yzbLehO','0811 548 086','http://res.cloudinary.com/grandonk-merch/image/upload/v1706460005/salesprint/rpu4qw3l2rk7kzsfwegb.jpg','utVIolbqdy','2024-06-15 10:07:17','2024-06-15 10:07:17'),(11,'Kadir Kusumo','kadir573','kadir573@gmail.com','seller','2024-06-15 10:07:17','$2y$10$zpAYZWWH6el1QRPgjNlMqeeM2tbli84Hx6v3a02JJCovvKl4/SwWa','(+62) 380 2266 0588','http://res.cloudinary.com/grandonk-merch/image/upload/v1706460007/salesprint/cdomyp8npfswg3ovbbai.jpg','lu7vO4p6y6','2024-06-15 10:07:17','2024-06-15 10:07:17'),(12,'Zahra Mahendra','zahra317','zahra317@gmail.com','seller','2024-06-15 10:07:17','$2y$10$AVJrsMrUVtpjYuBo/nSnUeQP71rYw2gPRnZ6yTtEPYXRJQqjjtPr.','(+62) 343 1581 8415','http://res.cloudinary.com/grandonk-merch/image/upload/v1706460008/salesprint/vq4qjgo5zsvqjkebigep.jpg','pg1ZERX9hG','2024-06-15 10:07:17','2024-06-15 10:07:17');
/*!40000 ALTER TABLE `users` ENABLE KEYS */;

--
-- Table structure for table `variant_options`
--

DROP TABLE IF EXISTS `variant_options`;
/*!40101 SET @saved_cs_client     = @@character_set_client */;
/*!50503 SET character_set_client = utf8mb4 */;
CREATE TABLE `variant_options` (
  `id` bigint unsigned NOT NULL AUTO_INCREMENT,
  `value` varchar(191) COLLATE utf8mb4_unicode_ci NOT NULL,
  `product_id` bigint unsigned NOT NULL,
  `variant_type_id` bigint unsigned NOT NULL,
  `created_at` timestamp NULL DEFAULT NULL,
  `updated_at` timestamp NULL DEFAULT NULL,
  PRIMARY KEY (`id`),
  KEY `variant_options_product_id_foreign` (`product_id`),
  KEY `variant_options_variant_type_id_foreign` (`variant_type_id`),
  CONSTRAINT `variant_options_product_id_foreign` FOREIGN KEY (`product_id`) REFERENCES `products` (`id`) ON DELETE CASCADE,
  CONSTRAINT `variant_options_variant_type_id_foreign` FOREIGN KEY (`variant_type_id`) REFERENCES `variant_types` (`id`) ON DELETE CASCADE
) ENGINE=InnoDB AUTO_INCREMENT=51 DEFAULT CHARSET=utf8mb4 COLLATE=utf8mb4_unicode_ci;
/*!40101 SET character_set_client = @saved_cs_client */;

--
-- Dumping data for table `variant_options`
--

/*!40000 ALTER TABLE `variant_options` DISABLE KEYS */;
INSERT INTO `variant_options` VALUES (1,'Hitam',1,2,'2024-06-15 10:07:17','2024-06-15 10:07:17'),(2,'Putih',1,2,'2024-06-15 10:07:17','2024-06-15 10:07:17'),(3,'Abu - abu',1,2,'2024-06-15 10:07:17','2024-06-15 10:07:17'),(4,'Hitam',2,2,'2024-06-15 10:07:17','2024-06-15 10:07:17'),(5,'Putih',2,2,'2024-06-15 10:07:17','2024-06-15 10:07:17'),(6,'Abu - abu',2,2,'2024-06-15 10:07:17','2024-06-15 10:07:17'),(7,'Hitam',3,2,'2024-06-15 10:07:17','2024-06-15 10:07:17'),(8,'Putih',3,2,'2024-06-15 10:07:17','2024-06-15 10:07:17'),(9,'Abu - abu',3,2,'2024-06-15 10:07:17','2024-06-15 10:07:17'),(10,'S',4,1,'2024-06-15 10:07:17','2024-06-15 10:07:17'),(11,'M',4,1,'2024-06-15 10:07:17','2024-06-15 10:07:17'),(12,'L',4,1,'2024-06-15 10:07:17','2024-06-15 10:07:17'),(13,'XL',4,1,'2024-06-15 10:07:17','2024-06-15 10:07:17'),(14,'Hitam',4,2,'2024-06-15 10:07:17','2024-06-15 10:07:17'),(15,'Putih',4,2,'2024-06-15 10:07:17','2024-06-15 10:07:17'),(16,'Abu - abu',4,2,'2024-06-15 10:07:17','2024-06-15 10:07:17'),(17,'S',5,1,'2024-06-15 10:07:17','2024-06-15 10:07:17'),(18,'M',5,1,'2024-06-15 10:07:17','2024-06-15 10:07:17'),(19,'L',5,1,'2024-06-15 10:07:17','2024-06-15 10:07:17'),(20,'XL',5,1,'2024-06-15 10:07:17','2024-06-15 10:07:17'),(21,'Hitam',5,2,'2024-06-15 10:07:17','2024-06-15 10:07:17'),(22,'Putih',5,2,'2024-06-15 10:07:17','2024-06-15 10:07:17'),(23,'Abu - abu',5,2,'2024-06-15 10:07:17','2024-06-15 10:07:17'),(24,'Hitam',6,2,'2024-06-15 10:07:17','2024-06-15 10:07:17'),(25,'Putih',6,2,'2024-06-15 10:07:17','2024-06-15 10:07:17'),(26,'Abu - abu',6,2,'2024-06-15 10:07:17','2024-06-15 10:07:17'),(27,'S',7,1,'2024-06-15 10:07:17','2024-06-15 10:07:17'),(28,'M',7,1,'2024-06-15 10:07:17','2024-06-15 10:07:17'),(29,'L',7,1,'2024-06-15 10:07:17','2024-06-15 10:07:17'),(30,'XL',7,1,'2024-06-15 10:07:17','2024-06-15 10:07:17'),(31,'Hitam',7,2,'2024-06-15 10:07:17','2024-06-15 10:07:17'),(32,'Putih',7,2,'2024-06-15 10:07:17','2024-06-15 10:07:17'),(33,'Abu - abu',7,2,'2024-06-15 10:07:17','2024-06-15 10:07:17'),(34,'Hitam',8,2,'2024-06-15 10:07:17','2024-06-15 10:07:17'),(35,'Putih',8,2,'2024-06-15 10:07:17','2024-06-15 10:07:17'),(36,'Abu - abu',8,2,'2024-06-15 10:07:17','2024-06-15 10:07:17'),(37,'S',9,1,'2024-06-15 10:07:17','2024-06-15 10:07:17'),(38,'M',9,1,'2024-06-15 10:07:17','2024-06-15 10:07:17'),(39,'L',9,1,'2024-06-15 10:07:17','2024-06-15 10:07:17'),(40,'XL',9,1,'2024-06-15 10:07:17','2024-06-15 10:07:17'),(41,'Hitam',9,2,'2024-06-15 10:07:17','2024-06-15 10:07:17'),(42,'Putih',9,2,'2024-06-15 10:07:17','2024-06-15 10:07:17'),(43,'Abu - abu',9,2,'2024-06-15 10:07:17','2024-06-15 10:07:17'),(44,'S',10,1,'2024-06-15 10:07:17','2024-06-15 10:07:17'),(45,'M',10,1,'2024-06-15 10:07:17','2024-06-15 10:07:17'),(46,'L',10,1,'2024-06-15 10:07:17','2024-06-15 10:07:17'),(47,'XL',10,1,'2024-06-15 10:07:17','2024-06-15 10:07:17'),(48,'Hitam',10,2,'2024-06-15 10:07:17','2024-06-15 10:07:17'),(49,'Putih',10,2,'2024-06-15 10:07:17','2024-06-15 10:07:17'),(50,'Abu - abu',10,2,'2024-06-15 10:07:17','2024-06-15 10:07:17');
/*!40000 ALTER TABLE `variant_options` ENABLE KEYS */;

--
-- Table structure for table `variant_types`
--

DROP TABLE IF EXISTS `variant_types`;
/*!40101 SET @saved_cs_client     = @@character_set_client */;
/*!50503 SET character_set_client = utf8mb4 */;
CREATE TABLE `variant_types` (
  `id` bigint unsigned NOT NULL AUTO_INCREMENT,
  `name` varchar(191) COLLATE utf8mb4_unicode_ci NOT NULL,
  `created_at` timestamp NULL DEFAULT NULL,
  `updated_at` timestamp NULL DEFAULT NULL,
  PRIMARY KEY (`id`)
) ENGINE=InnoDB AUTO_INCREMENT=3 DEFAULT CHARSET=utf8mb4 COLLATE=utf8mb4_unicode_ci;
/*!40101 SET character_set_client = @saved_cs_client */;

--
-- Dumping data for table `variant_types`
--

/*!40000 ALTER TABLE `variant_types` DISABLE KEYS */;
INSERT INTO `variant_types` VALUES (1,'Ukuran','2024-06-15 10:07:17','2024-06-15 10:07:17'),(2,'Warna','2024-06-15 10:07:17','2024-06-15 10:07:17');
/*!40000 ALTER TABLE `variant_types` ENABLE KEYS */;

--
-- Table structure for table `withdraws`
--

DROP TABLE IF EXISTS `withdraws`;
/*!40101 SET @saved_cs_client     = @@character_set_client */;
/*!50503 SET character_set_client = utf8mb4 */;
CREATE TABLE `withdraws` (
  `id` bigint unsigned NOT NULL AUTO_INCREMENT,
  `total_amount` double(15,2) NOT NULL,
  `bank_code` varchar(191) COLLATE utf8mb4_unicode_ci NOT NULL,
  `bank_name` varchar(191) COLLATE utf8mb4_unicode_ci NOT NULL,
  `bank_account_number` varchar(191) COLLATE utf8mb4_unicode_ci NOT NULL,
  `bank_account_name` varchar(191) COLLATE utf8mb4_unicode_ci NOT NULL,
  `status` enum('PENDING','PAID','DENIED') COLLATE utf8mb4_unicode_ci NOT NULL,
  `denied_reason` varchar(191) COLLATE utf8mb4_unicode_ci DEFAULT NULL,
  `receipt` varchar(191) COLLATE utf8mb4_unicode_ci DEFAULT NULL,
  `store_id` bigint unsigned NOT NULL,
  `created_at` timestamp NULL DEFAULT NULL,
  `updated_at` timestamp NULL DEFAULT NULL,
  PRIMARY KEY (`id`),
  KEY `withdraws_store_id_foreign` (`store_id`),
  CONSTRAINT `withdraws_store_id_foreign` FOREIGN KEY (`store_id`) REFERENCES `stores` (`id`) ON DELETE CASCADE
) ENGINE=InnoDB DEFAULT CHARSET=utf8mb4 COLLATE=utf8mb4_unicode_ci;
/*!40101 SET character_set_client = @saved_cs_client */;

--
-- Dumping data for table `withdraws`
--

/*!40000 ALTER TABLE `withdraws` DISABLE KEYS */;
/*!40000 ALTER TABLE `withdraws` ENABLE KEYS */;

--
-- Dumping routines for database 'salesprint'
--
/*!40103 SET TIME_ZONE=@OLD_TIME_ZONE */;

/*!40101 SET SQL_MODE=@OLD_SQL_MODE */;
/*!40014 SET FOREIGN_KEY_CHECKS=@OLD_FOREIGN_KEY_CHECKS */;
/*!40014 SET UNIQUE_CHECKS=@OLD_UNIQUE_CHECKS */;
/*!40101 SET CHARACTER_SET_CLIENT=@OLD_CHARACTER_SET_CLIENT */;
/*!40101 SET CHARACTER_SET_RESULTS=@OLD_CHARACTER_SET_RESULTS */;
/*!40101 SET COLLATION_CONNECTION=@OLD_COLLATION_CONNECTION */;
/*!40111 SET SQL_NOTES=@OLD_SQL_NOTES */;

-- Dump completed on 2024-08-15 14:54:59
